dataset,individual_key,relative_trial_directory,Index,model,condition,delay_h,replicate,paired_odor,b_left,fly_id,gait_seed,sensory_seed,motor_seed,heading_seed,motor_noise_sd,seed,learning_gain,choice,choice_latency_s,termination,score,neural_value_difference,physics_ticks,control_rows,assay_duration_s,test_start_biological_s,captured,physical_time_s,capture_policy,diagnostic
calibration_gain_50,calibration_gain_50/consolidating_paired_0.5h_0_0_0,calibration_gain_50/paired/0.5h/rep00_odor0_side0,0,consolidating,paired,0.5,0,A,False,consolidating_paired_0.5h_0_0_0,468646196,2869722967,3335471143,2275898215,0.1263436808858698,4076392674,0.6853774919463881,B,5.7219,test_window_complete,-1,-0.1741544534064523,57219,6000,120.0,11400.0,True,5.721900000000001,absorbing collection region; approximation to collection vials,False
calibration_gain_50,calibration_gain_50/consolidating_paired_0.5h_0_0_1,calibration_gain_50/paired/0.5h/rep00_odor0_side1,1,consolidating,paired,0.5,0,A,True,consolidating_paired_0.5h_0_0_1,2708622101,2666254299,2301008172,157589910,0.1373358991604146,1377592876,0.7973279931980922,B,5.7078,test_window_complete,-1,-0.1956332621568772,57078,6000,120.0,11400.0,True,5.707800000000001,absorbing collection region; approximation to collection vials,False
calibration_gain_50,calibration_gain_50/consolidating_paired_0.5h_0_1_0,calibration_gain_50/paired/0.5h/rep00_odor1_side0,2,consolidating,paired,0.5,0,B,False,consolidating_paired_0.5h_0_1_0,1568684429,290440781,3780439271,3587379160,0.197945730236451,1483582147,0.6846381301392044,B,5.7526,test_window_complete,1,-0.1871255217003306,57526,6000,120.0,11400.0,True,5.7526,absorbing collection region; approximation to collection vials,False
calibration_gain_50,calibration_gain_50/consolidating_paired_0.5h_0_1_1,calibration_gain_50/paired/0.5h/rep00_odor1_side1,3,consolidating,paired,0.5,0,B,True,consolidating_paired_0.5h_0_1_1,3466430882,238559116,338623123,2910870162,0.158838136173419,1156549214,1.5080041809082907,A,5.8152,test_window_complete,-1,-0.3140294401310914,58152,6000,120.0,11400.0,True,5.8152,absorbing collection region; approximation to collection vials,False
calibration_gain_50,calibration_gain_50/consolidating_paired_0.5h_1_0_0,calibration_gain_50/paired/0.5h/rep01_odor0_side0,4,consolidating,paired,0.5,1,A,False,consolidating_paired_0.5h_1_0_0,3615494982,1234416974,1161842276,1308555229,0.172715542243191,2486160845,0.8942905409316151,B,5.7243,test_window_complete,-1,-0.2130048581603706,57243,6000,120.0,11400.0,True,5.7243,absorbing collection region; approximation to collection vials,False
calibration_gain_50,calibration_gain_50/consolidating_paired_0.5h_1_0_1,calibration_gain_50/paired/0.5h/rep01_odor0_side1,5,consolidating,paired,0.5,1,A,True,consolidating_paired_0.5h_1_0_1,333672502,338857260,3615634981,4175218772,0.1380841373822448,2953232051,1.220559793176322,B,5.8217,test_window_complete,-1,-0.2641474693279626,58217,6000,120.0,11400.0,True,5.8217,absorbing collection region; approximation to collection vials,False
calibration_gain_50,calibration_gain_50/consolidating_paired_0.5h_1_1_0,calibration_gain_50/paired/0.5h/rep01_odor1_side0,6,consolidating,paired,0.5,1,B,False,consolidating_paired_0.5h_1_1_0,942709943,2126663975,3057286950,4025976123,0.1733403829270261,3265468116,0.8398206597492005,A,5.8462,test_window_complete,-1,-0.2171091590799372,58462,6000,120.0,11400.0,True,5.8462000000000005,absorbing collection region; approximation to collection vials,False
calibration_gain_50,calibration_gain_50/consolidating_paired_0.5h_1_1_1,calibration_gain_50/paired/0.5h/rep01_odor1_side1,7,consolidating,paired,0.5,1,B,True,consolidating_paired_0.5h_1_1_1,1491765585,1387746198,2066739097,759975258,0.134782103065294,2337273950,0.8243067040842322,A,5.7073,test_window_complete,-1,-0.2142666343049218,57073,6000,120.0,11400.0,True,5.7073,absorbing collection region; approximation to collection vials,False
calibration_gain_50,calibration_gain_50/consolidating_paired_0.5h_2_0_0,calibration_gain_50/paired/0.5h/rep02_odor0_side0,8,consolidating,paired,0.5,2,A,False,consolidating_paired_0.5h_2_0_0,3248265238,1590281506,489808365,3810024573,0.1529637963669458,4212188085,0.8442525202147161,B,5.8504,test_window_complete,-1,-0.2041769912527431,58504,6000,120.0,11400.0,True,5.8504000000000005,absorbing collection region; approximation to collection vials,False
calibration_gain_50,calibration_gain_50/consolidating_paired_0.5h_2_0_1,calibration_gain_50/paired/0.5h/rep02_odor0_side1,9,consolidating,paired,0.5,2,A,True,consolidating_paired_0.5h_2_0_1,4168977486,1858798374,759568914,1660976484,0.1733182548507543,1196550506,1.9075122346366435,B,5.8381,test_window_complete,-1,-0.3437918617967862,58381,6000,120.0,11400.0,True,5.8381,absorbing collection region; approximation to collection vials,False
calibration_gain_50,calibration_gain_50/consolidating_paired_0.5h_2_1_0,calibration_gain_50/paired/0.5h/rep02_odor1_side0,10,consolidating,paired,0.5,2,B,False,consolidating_paired_0.5h_2_1_0,207546663,532137857,550521060,1010237378,0.1664442550045992,1065098946,0.5713971590781796,A,5.7269,test_window_complete,-1,-0.1628839770605103,57269,6000,120.0,11400.0,True,5.7269000000000005,absorbing collection region; approximation to collection vials,False
calibration_gain_50,calibration_gain_50/consolidating_paired_0.5h_2_1_1,calibration_gain_50/paired/0.5h/rep02_odor1_side1,11,consolidating,paired,0.5,2,B,True,consolidating_paired_0.5h_2_1_1,3077918537,699829889,2174351816,856798296,0.2679666771453832,3658463003,0.7720549854946179,A,5.7762,test_window_complete,-1,-0.2044466988887631,57762,6000,120.0,11400.0,True,5.7762,absorbing collection region; approximation to collection vials,False
calibration_gain_50,calibration_gain_50/consolidating_paired_0.5h_3_0_0,calibration_gain_50/paired/0.5h/rep03_odor0_side0,12,consolidating,paired,0.5,3,A,False,consolidating_paired_0.5h_3_0_0,851620088,2418192523,1570378962,1425017175,0.1536029997368135,3931579541,0.8817902786481273,A,5.8423,test_window_complete,1,-0.2108262643148949,58423,6000,120.0,11400.0,True,5.842300000000001,absorbing collection region; approximation to collection vials,False
calibration_gain_50,calibration_gain_50/consolidating_paired_0.5h_3_0_1,calibration_gain_50/paired/0.5h/rep03_odor0_side1,13,consolidating,paired,0.5,3,A,True,consolidating_paired_0.5h_3_0_1,423148797,2084627751,1853808206,376821613,0.1140269006144559,3926241268,1.200346297577171,A,5.8422,test_window_complete,1,-0.2612738233048894,58422,6000,120.0,11400.0,True,5.8422,absorbing collection region; approximation to collection vials,False
calibration_gain_50,calibration_gain_50/consolidating_paired_0.5h_3_1_0,calibration_gain_50/paired/0.5h/rep03_odor1_side0,14,consolidating,paired,0.5,3,B,False,consolidating_paired_0.5h_3_1_0,4170838027,1746059937,3171655806,3632442247,0.1425365907932673,1050480474,0.7666829000050882,B,5.9217,test_window_complete,1,-0.2034150633873328,59217,6000,120.0,11400.0,True,5.9217,absorbing collection region; approximation to collection vials,False
calibration_gain_50,calibration_gain_50/consolidating_paired_0.5h_3_1_1,calibration_gain_50/paired/0.5h/rep03_odor1_side1,15,consolidating,paired,0.5,3,B,True,consolidating_paired_0.5h_3_1_1,3704903117,4219264646,2991109564,103176722,0.2103361258148934,2587751173,0.650157052325456,A,5.7144,test_window_complete,-1,-0.1799682909432729,57144,6000,120.0,11400.0,True,5.7144,absorbing collection region; approximation to collection vials,False
calibration_gain_50,calibration_gain_50/consolidating_paired_24h_0_0_0,calibration_gain_50/paired/24h/rep00_odor0_side0,16,consolidating,paired,24.0,0,A,False,consolidating_paired_24h_0_0_0,2590204801,3554472368,524690561,3040968502,0.1944352664461724,2038887312,0.6525928257173222,A,5.8117,test_window_complete,1,0.2403728284410895,58117,6000,120.0,96000.0,True,5.8117,absorbing collection region; approximation to collection vials,False
calibration_gain_50,calibration_gain_50/consolidating_paired_24h_0_0_1,calibration_gain_50/paired/24h/rep00_odor0_side1,17,consolidating,paired,24.0,0,A,True,consolidating_paired_24h_0_0_1,3376845247,3876527804,972850718,647043563,0.3010953300644994,284928673,1.3044859234631772,A,5.8869,test_window_complete,1,0.3956154287886846,58869,6000,120.0,96000.0,True,5.886900000000001,absorbing collection region; approximation to collection vials,False
calibration_gain_50,calibration_gain_50/consolidating_paired_24h_0_1_0,calibration_gain_50/paired/24h/rep00_odor1_side0,18,consolidating,paired,24.0,0,B,False,consolidating_paired_24h_0_1_0,1202081111,366299299,3290241266,3769379379,0.1799676202868555,2621017246,0.7512783196905928,B,5.773,test_window_complete,1,0.2829904621045235,57730,6000,120.0,96000.0,True,5.773000000000001,absorbing collection region; approximation to collection vials,False
calibration_gain_50,calibration_gain_50/consolidating_paired_24h_0_1_1,calibration_gain_50/paired/24h/rep00_odor1_side1,19,consolidating,paired,24.0,0,B,True,consolidating_paired_24h_0_1_1,3055408948,3798818661,1522670249,2373736006,0.1553366321353,2183770861,1.0110520475781706,B,5.7718,test_window_complete,1,0.3480787610514574,57718,6000,120.0,96000.0,True,5.771800000000001,absorbing collection region; approximation to collection vials,False
calibration_gain_50,calibration_gain_50/consolidating_paired_24h_1_0_0,calibration_gain_50/paired/24h/rep01_odor0_side0,20,consolidating,paired,24.0,1,A,False,consolidating_paired_24h_1_0_0,1733955090,2458823212,4002903634,2647654106,0.1986893071299993,3099683046,1.5311507177740895,A,5.7372,test_window_complete,1,0.4364462871598374,57372,6000,120.0,96000.0,True,5.7372000000000005,absorbing collection region; approximation to collection vials,False
calibration_gain_50,calibration_gain_50/consolidating_paired_24h_1_0_1,calibration_gain_50/paired/24h/rep01_odor0_side1,21,consolidating,paired,24.0,1,A,True,consolidating_paired_24h_1_0_1,3445945042,2371884068,634615710,1262874920,0.1748757667407078,2314428761,0.8357469396187188,A,5.7725,test_window_complete,1,0.290736425189202,57725,6000,120.0,96000.0,True,5.7725,absorbing collection region; approximation to collection vials,False
calibration_gain_50,calibration_gain_50/consolidating_paired_24h_1_1_0,calibration_gain_50/paired/24h/rep01_odor1_side0,22,consolidating,paired,24.0,1,B,False,consolidating_paired_24h_1_1_0,1517842475,1137740608,1373349373,3425251103,0.178430721462733,4206271640,0.6685799504317861,B,5.7755,test_window_complete,1,0.2594865490935321,57755,6000,120.0,96000.0,True,5.7755,absorbing collection region; approximation to collection vials,False
calibration_gain_50,calibration_gain_50/consolidating_paired_24h_1_1_1,calibration_gain_50/paired/24h/rep01_odor1_side1,23,consolidating,paired,24.0,1,B,True,consolidating_paired_24h_1_1_1,166938280,4228611231,4108601554,1924872941,0.1213144763874821,3062317857,0.5646804718060786,A,5.820200000000001,test_window_complete,-1,0.227762789006368,58202,6000,120.0,96000.0,True,5.820200000000001,absorbing collection region; approximation to collection vials,False
calibration_gain_50,calibration_gain_50/consolidating_paired_24h_2_0_0,calibration_gain_50/paired/24h/rep02_odor0_side0,24,consolidating,paired,24.0,2,A,False,consolidating_paired_24h_2_0_0,2601415132,4202711592,3561923431,1315747149,0.2337143400265867,4159401896,1.165339946137523,A,5.7224,test_window_complete,1,0.3676284065234105,57224,6000,120.0,96000.0,True,5.7224,absorbing collection region; approximation to collection vials,False
calibration_gain_50,calibration_gain_50/consolidating_paired_24h_2_0_1,calibration_gain_50/paired/24h/rep02_odor0_side1,25,consolidating,paired,24.0,2,A,True,consolidating_paired_24h_2_0_1,1996811971,3466088253,820503675,3936873483,0.196685165837765,2477688502,0.9609722877588324,A,5.824800000000001,test_window_complete,1,0.3218662645493184,58248,6000,120.0,96000.0,True,5.824800000000001,absorbing collection region; approximation to collection vials,False
calibration_gain_50,calibration_gain_50/consolidating_paired_24h_2_1_0,calibration_gain_50/paired/24h/rep02_odor1_side0,26,consolidating,paired,24.0,2,B,False,consolidating_paired_24h_2_1_0,2301986899,2828527078,3118820430,3563302688,0.1169507982381879,4233874414,0.8563026636749248,B,5.784800000000001,test_window_complete,1,0.3108082583686681,57848,6000,120.0,96000.0,True,5.784800000000001,absorbing collection region; approximation to collection vials,False
calibration_gain_50,calibration_gain_50/consolidating_paired_24h_2_1_1,calibration_gain_50/paired/24h/rep02_odor1_side1,27,consolidating,paired,24.0,2,B,True,consolidating_paired_24h_2_1_1,621239854,3894306992,938794563,2978143966,0.2072565368625363,2800760758,0.8477001295425887,B,5.7047,test_window_complete,1,0.3086103935889612,57047,6000,120.0,96000.0,True,5.7047,absorbing collection region; approximation to collection vials,False
calibration_gain_50,calibration_gain_50/consolidating_paired_24h_3_0_0,calibration_gain_50/paired/24h/rep03_odor0_side0,28,consolidating,paired,24.0,3,A,False,consolidating_paired_24h_3_0_0,1437289549,4021478342,1351946406,1090329910,0.1604243069426938,773410183,0.935438361676536,A,5.6985,test_window_complete,1,0.3157207965519217,56985,6000,120.0,96000.0,True,5.6985,absorbing collection region; approximation to collection vials,False
calibration_gain_50,calibration_gain_50/consolidating_paired_24h_3_0_1,calibration_gain_50/paired/24h/rep03_odor0_side1,29,consolidating,paired,24.0,3,A,True,consolidating_paired_24h_3_0_1,2618583406,1176034404,1841623617,115153896,0.1730681594859403,2301541232,2.225117078907448,A,5.8063,test_window_complete,1,0.5329845900119288,58063,6000,120.0,96000.0,True,5.8063,absorbing collection region; approximation to collection vials,False
calibration_gain_50,calibration_gain_50/consolidating_paired_24h_3_1_0,calibration_gain_50/paired/24h/rep03_odor1_side0,30,consolidating,paired,24.0,3,B,False,consolidating_paired_24h_3_1_0,3400015502,4033630339,2314819005,1804751398,0.1819335088598043,2338782748,0.9701869014035448,B,5.8151,test_window_complete,1,0.3386381434813755,58151,6000,120.0,96000.0,True,5.8151,absorbing collection region; approximation to collection vials,False
calibration_gain_50,calibration_gain_50/consolidating_paired_24h_3_1_1,calibration_gain_50/paired/24h/rep03_odor1_side1,31,consolidating,paired,24.0,3,B,True,consolidating_paired_24h_3_1_1,3225712938,747367527,3919869607,3415651101,0.1772758663553843,637119624,1.3082241927227556,A,5.7641,test_window_complete,-1,0.4091760694351159,57641,6000,120.0,96000.0,True,5.7641,absorbing collection region; approximation to collection vials,False
validation,validation/consolidating_untrained_0.5h_0_0_0,validation/untrained/0.5h/rep00_odor0_side0,192,consolidating,untrained,0.5,0,A,False,consolidating_untrained_0.5h_0_0_0,1919289221,4279003848,3552263853,2405519463,0.2136247114403383,1504105512,0.9150293509279388,B,5.8152,test_window_complete,-1,0.0,58152,6000,120.0,11400.0,True,5.8152,absorbing collection region; approximation to collection vials,False
validation,validation/consolidating_untrained_0.5h_0_0_1,validation/untrained/0.5h/rep00_odor0_side1,193,consolidating,untrained,0.5,0,A,True,consolidating_untrained_0.5h_0_0_1,2832319354,173653827,2349997503,2499522671,0.2063456949228189,3645074975,0.6809864364837765,A,5.797000000000001,test_window_complete,1,0.0,57970,6000,120.0,11400.0,True,5.797000000000001,absorbing collection region; approximation to collection vials,False
validation,validation/consolidating_untrained_0.5h_0_1_0,validation/untrained/0.5h/rep00_odor1_side0,194,consolidating,untrained,0.5,0,B,False,consolidating_untrained_0.5h_0_1_0,2968184368,4247063429,3043873484,3978850561,0.1866614188570235,698266775,1.074963835222727,A,5.7417,test_window_complete,-1,0.0,57417,6000,120.0,11400.0,True,5.741700000000001,absorbing collection region; approximation to collection vials,False
validation,validation/consolidating_untrained_0.5h_0_1_1,validation/untrained/0.5h/rep00_odor1_side1,195,consolidating,untrained,0.5,0,B,True,consolidating_untrained_0.5h_0_1_1,494664963,2377024065,2318439405,3053856523,0.1260647430531035,3080033903,1.1583922143982963,A,5.9225,test_window_complete,-1,0.0,59225,6000,120.0,11400.0,True,5.9225,absorbing collection region; approximation to collection vials,False
validation,validation/consolidating_untrained_0.5h_1_0_0,validation/untrained/0.5h/rep01_odor0_side0,196,consolidating,untrained,0.5,1,A,False,consolidating_untrained_0.5h_1_0_0,3146874483,3854688066,1732701990,1129030778,0.1623124832513566,723520781,1.0795536330666946,B,5.8174,test_window_complete,-1,0.0,58174,6000,120.0,11400.0,True,5.8174,absorbing collection region; approximation to collection vials,False
validation,validation/consolidating_untrained_0.5h_1_0_1,validation/untrained/0.5h/rep01_odor0_side1,197,consolidating,untrained,0.5,1,A,True,consolidating_untrained_0.5h_1_0_1,3511359265,3252734347,2325131278,559924758,0.1907564239844831,14992169,0.8761544115291213,B,5.739,test_window_complete,-1,0.0,57390,6000,120.0,11400.0,True,5.739,absorbing collection region; approximation to collection vials,False
validation,validation/consolidating_untrained_0.5h_1_1_0,validation/untrained/0.5h/rep01_odor1_side0,198,consolidating,untrained,0.5,1,B,False,consolidating_untrained_0.5h_1_1_0,932211001,2351949285,3245677369,1047719534,0.1823720686095857,4291557902,1.5529164708909504,B,5.756200000000001,test_window_complete,1,0.0,57562,6000,120.0,11400.0,True,5.756200000000001,absorbing collection region; approximation to collection vials,False
validation,validation/consolidating_untrained_0.5h_1_1_1,validation/untrained/0.5h/rep01_odor1_side1,199,consolidating,untrained,0.5,1,B,True,consolidating_untrained_0.5h_1_1_1,3922208808,827994608,3971998394,2510558577,0.2034698030777773,2477174273,0.8566303826999194,A,5.982900000000001,test_window_complete,-1,0.0,59829,6000,120.0,11400.0,True,5.9829,absorbing collection region; approximation to collection vials,False
validation,validation/consolidating_untrained_0.5h_2_0_0,validation/untrained/0.5h/rep02_odor0_side0,200,consolidating,untrained,0.5,2,A,False,consolidating_untrained_0.5h_2_0_0,2156660230,301668112,4081135161,3933974450,0.1622195760019427,3902232413,0.8472156463766244,A,5.845,test_window_complete,1,0.0,58450,6000,120.0,11400.0,True,5.845000000000001,absorbing collection region; approximation to collection vials,False
validation,validation/consolidating_untrained_0.5h_2_0_1,validation/untrained/0.5h/rep02_odor0_side1,201,consolidating,untrained,0.5,2,A,True,consolidating_untrained_0.5h_2_0_1,1051975570,3854950099,648053604,3420695575,0.1337454488869474,51217172,1.3435877971201284,B,5.8259,test_window_complete,-1,0.0,58259,6000,120.0,11400.0,True,5.8259,absorbing collection region; approximation to collection vials,False
validation,validation/consolidating_untrained_0.5h_2_1_0,validation/untrained/0.5h/rep02_odor1_side0,202,consolidating,untrained,0.5,2,B,False,consolidating_untrained_0.5h_2_1_0,1479375760,267450726,4139935517,1935755774,0.1450751197774552,2177940197,0.9036847786514918,A,5.7611,test_window_complete,-1,0.0,57611,6000,120.0,11400.0,True,5.7611,absorbing collection region; approximation to collection vials,False
validation,validation/consolidating_untrained_0.5h_2_1_1,validation/untrained/0.5h/rep02_odor1_side1,203,consolidating,untrained,0.5,2,B,True,consolidating_untrained_0.5h_2_1_1,1315431186,2633802192,1571335563,1395856689,0.1979470534905927,1689580155,0.854596238599917,A,5.7272,test_window_complete,-1,0.0,57272,6000,120.0,11400.0,True,5.7272,absorbing collection region; approximation to collection vials,False
validation,validation/consolidating_untrained_0.5h_3_0_0,validation/untrained/0.5h/rep03_odor0_side0,204,consolidating,untrained,0.5,3,A,False,consolidating_untrained_0.5h_3_0_0,2995686962,1861004479,1727015826,2640140316,0.2188949569729776,2049895624,1.3093517921388025,B,5.877800000000001,test_window_complete,-1,0.0,58778,6000,120.0,11400.0,True,5.877800000000001,absorbing collection region; approximation to collection vials,False
validation,validation/consolidating_untrained_0.5h_3_0_1,validation/untrained/0.5h/rep03_odor0_side1,205,consolidating,untrained,0.5,3,A,True,consolidating_untrained_0.5h_3_0_1,694444510,2498502520,1873213881,2461374202,0.1573766626001773,3310649013,1.8257906752728568,B,5.7824,test_window_complete,-1,0.0,57824,6000,120.0,11400.0,True,5.7824,absorbing collection region; approximation to collection vials,False
validation,validation/consolidating_untrained_0.5h_3_1_0,validation/untrained/0.5h/rep03_odor1_side0,206,consolidating,untrained,0.5,3,B,False,consolidating_untrained_0.5h_3_1_0,168568374,2150919103,2024724491,3929056741,0.1985193330753735,3721458190,0.7257556061570866,B,5.8477,test_window_complete,1,0.0,58477,6000,120.0,11400.0,True,5.847700000000001,absorbing collection region; approximation to collection vials,False
validation,validation/consolidating_untrained_0.5h_3_1_1,validation/untrained/0.5h/rep03_odor1_side1,207,consolidating,untrained,0.5,3,B,True,consolidating_untrained_0.5h_3_1_1,3960639280,2284880568,3693805165,2612222148,0.1687168348617102,2136999476,1.5075970495812294,A,5.8031,test_window_complete,-1,0.0,58031,6000,120.0,11400.0,True,5.803100000000001,absorbing collection region; approximation to collection vials,False
validation,validation/consolidating_untrained_0.5h_4_0_0,validation/untrained/0.5h/rep04_odor0_side0,208,consolidating,untrained,0.5,4,A,False,consolidating_untrained_0.5h_4_0_0,4122793914,2715629120,2622981916,1133615474,0.2291083215291392,2922847178,1.1202009176420695,B,5.927,test_window_complete,-1,0.0,59270,6000,120.0,11400.0,True,5.9270000000000005,absorbing collection region; approximation to collection vials,False
validation,validation/consolidating_untrained_0.5h_4_0_1,validation/untrained/0.5h/rep04_odor0_side1,209,consolidating,untrained,0.5,4,A,True,consolidating_untrained_0.5h_4_0_1,3869922183,2634940552,2490036997,1438537182,0.1484166912398304,1839503921,0.8501905428898827,none,,test_window_complete,0,0.0,1200000,6000,120.0,11400.0,False,120.0,absorbing collection region; approximation to collection vials,False
validation,validation/consolidating_untrained_0.5h_4_1_0,validation/untrained/0.5h/rep04_odor1_side0,210,consolidating,untrained,0.5,4,B,False,consolidating_untrained_0.5h_4_1_0,3126404002,997190917,1886534187,1551564938,0.1797992332510973,2992701083,0.9287849617066136,A,5.8408,test_window_complete,-1,0.0,58408,6000,120.0,11400.0,True,5.840800000000001,absorbing collection region; approximation to collection vials,False
validation,validation/consolidating_untrained_0.5h_4_1_1,validation/untrained/0.5h/rep04_odor1_side1,211,consolidating,untrained,0.5,4,B,True,consolidating_untrained_0.5h_4_1_1,383756043,2129768396,4105556986,2805392937,0.2375861069463279,1415663701,0.905494882467379,A,5.8186,test_window_complete,-1,0.0,58186,6000,120.0,11400.0,True,5.8186,absorbing collection region; approximation to collection vials,False
validation,validation/consolidating_untrained_0.5h_5_0_0,validation/untrained/0.5h/rep05_odor0_side0,212,consolidating,untrained,0.5,5,A,False,consolidating_untrained_0.5h_5_0_0,1909594483,571548826,3381152786,758818040,0.1468342388273177,2840261274,1.0460457300520274,B,5.8669,test_window_complete,-1,0.0,58669,6000,120.0,11400.0,True,5.8669,absorbing collection region; approximation to collection vials,False
validation,validation/consolidating_untrained_0.5h_5_0_1,validation/untrained/0.5h/rep05_odor0_side1,213,consolidating,untrained,0.5,5,A,True,consolidating_untrained_0.5h_5_0_1,2634649073,696310662,1742502563,675000884,0.2320185465534065,998282491,0.5393650646528745,A,5.7911,test_window_complete,1,0.0,57911,6000,120.0,11400.0,True,5.7911,absorbing collection region; approximation to collection vials,False
validation,validation/consolidating_untrained_0.5h_5_1_0,validation/untrained/0.5h/rep05_odor1_side0,214,consolidating,untrained,0.5,5,B,False,consolidating_untrained_0.5h_5_1_0,1475164739,1427290469,2831057826,787309608,0.1763827187716574,845834198,0.9098474319751972,B,5.761299999999999,test_window_complete,1,0.0,57613,6000,120.0,11400.0,True,5.7613,absorbing collection region; approximation to collection vials,False
validation,validation/consolidating_untrained_0.5h_5_1_1,validation/untrained/0.5h/rep05_odor1_side1,215,consolidating,untrained,0.5,5,B,True,consolidating_untrained_0.5h_5_1_1,753957208,2248530782,4266296519,3687311994,0.1762767731706568,1391016856,0.8108219198369908,none,,test_window_complete,0,0.0,1200000,6000,120.0,11400.0,False,120.0,absorbing collection region; approximation to collection vials,False
validation,validation/consolidating_untrained_0.5h_6_0_0,validation/untrained/0.5h/rep06_odor0_side0,216,consolidating,untrained,0.5,6,A,False,consolidating_untrained_0.5h_6_0_0,2049535330,3714061761,3410006022,4022626882,0.2911501691197068,728213094,0.7309735641129346,A,5.9053,test_window_complete,1,0.0,59053,6000,120.0,11400.0,True,5.9053,absorbing collection region; approximation to collection vials,False
validation,validation/consolidating_untrained_0.5h_6_0_1,validation/untrained/0.5h/rep06_odor0_side1,217,consolidating,untrained,0.5,6,A,True,consolidating_untrained_0.5h_6_0_1,1368422935,3490478304,3837556873,3771215437,0.1753164352330589,276830877,0.6570072017782526,A,5.85,test_window_complete,1,0.0,58500,6000,120.0,11400.0,True,5.8500000000000005,absorbing collection region; approximation to collection vials,False
validation,validation/consolidating_untrained_0.5h_6_1_0,validation/untrained/0.5h/rep06_odor1_side0,218,consolidating,untrained,0.5,6,B,False,consolidating_untrained_0.5h_6_1_0,1574874112,1213457780,3022229039,723736886,0.1464259695307002,132610291,0.7501747340892922,B,5.7629,test_window_complete,1,0.0,57629,6000,120.0,11400.0,True,5.7629,absorbing collection region; approximation to collection vials,False
validation,validation/consolidating_untrained_0.5h_6_1_1,validation/untrained/0.5h/rep06_odor1_side1,219,consolidating,untrained,0.5,6,B,True,consolidating_untrained_0.5h_6_1_1,2161775456,2080447729,2779634188,3640940285,0.1447402745249699,1513936372,0.6942136603957973,A,5.8127,test_window_complete,-1,0.0,58127,6000,120.0,11400.0,True,5.8127,absorbing collection region; approximation to collection vials,False
validation,validation/consolidating_untrained_0.5h_7_0_0,validation/untrained/0.5h/rep07_odor0_side0,220,consolidating,untrained,0.5,7,A,False,consolidating_untrained_0.5h_7_0_0,1323130549,2785981109,1549430016,3726357798,0.159038607655487,568576741,1.3378338524486826,none,,test_window_complete,0,0.0,1200000,6000,120.0,11400.0,False,120.0,absorbing collection region; approximation to collection vials,False
validation,validation/consolidating_untrained_0.5h_7_0_1,validation/untrained/0.5h/rep07_odor0_side1,221,consolidating,untrained,0.5,7,A,True,consolidating_untrained_0.5h_7_0_1,3226904223,101719242,4191910928,753801698,0.1975554118662665,91933332,0.6263027069538394,B,5.758,test_window_complete,-1,0.0,57580,6000,120.0,11400.0,True,5.758,absorbing collection region; approximation to collection vials,False
validation,validation/consolidating_untrained_0.5h_7_1_0,validation/untrained/0.5h/rep07_odor1_side0,222,consolidating,untrained,0.5,7,B,False,consolidating_untrained_0.5h_7_1_0,3602360164,4180614482,2746893708,4280730880,0.1986384887809494,193504024,0.7792675737195175,B,5.7723,test_window_complete,1,0.0,57723,6000,120.0,11400.0,True,5.7723,absorbing collection region; approximation to collection vials,False
validation,validation/consolidating_untrained_0.5h_7_1_1,validation/untrained/0.5h/rep07_odor1_side1,223,consolidating,untrained,0.5,7,B,True,consolidating_untrained_0.5h_7_1_1,2756256545,3443895242,2337140635,1321283404,0.1733043304979091,3122271422,0.8902232090129553,none,,test_window_complete,0,0.0,1200000,6000,120.0,11400.0,False,120.0,absorbing collection region; approximation to collection vials,False
validation,validation/consolidating_untrained_24h_0_0_0,validation/untrained/24h/rep00_odor0_side0,224,consolidating,untrained,24.0,0,A,False,consolidating_untrained_24h_0_0_0,2617149185,3400080111,1913023362,2218939558,0.1900601032134666,2027674952,1.2269049286469502,B,5.7602,test_window_complete,-1,0.0,57602,6000,120.0,96000.0,True,5.7602,absorbing collection region; approximation to collection vials,False
validation,validation/consolidating_untrained_24h_0_0_1,validation/untrained/24h/rep00_odor0_side1,225,consolidating,untrained,24.0,0,A,True,consolidating_untrained_24h_0_0_1,1064488199,4255483785,2211789906,41080805,0.1764403909073982,2004875060,1.1403008992997918,none,,test_window_complete,0,0.0,1200000,6000,120.0,96000.0,False,120.0,absorbing collection region; approximation to collection vials,False
validation,validation/consolidating_untrained_24h_0_1_0,validation/untrained/24h/rep00_odor1_side0,226,consolidating,untrained,24.0,0,B,False,consolidating_untrained_24h_0_1_0,562739137,4156069161,1975211397,676550141,0.1441649633592599,1465004536,0.9502923529902424,B,5.851,test_window_complete,1,0.0,58510,6000,120.0,96000.0,True,5.851,absorbing collection region; approximation to collection vials,False
validation,validation/consolidating_untrained_24h_0_1_1,validation/untrained/24h/rep00_odor1_side1,227,consolidating,untrained,24.0,0,B,True,consolidating_untrained_24h_0_1_1,3842149218,2412474856,2569580522,2082396979,0.2113185736591525,2058265288,1.0295232257476497,A,5.9298,test_window_complete,-1,0.0,59298,6000,120.0,96000.0,True,5.9298,absorbing collection region; approximation to collection vials,False
validation,validation/consolidating_untrained_24h_1_0_0,validation/untrained/24h/rep01_odor0_side0,228,consolidating,untrained,24.0,1,A,False,consolidating_untrained_24h_1_0_0,4387435,57022113,985142132,1094635810,0.1132795444044705,515240408,1.1432292028550852,A,5.8386000000000005,test_window_complete,1,0.0,58386,6000,120.0,96000.0,True,5.8386000000000005,absorbing collection region; approximation to collection vials,False
validation,validation/consolidating_untrained_24h_1_0_1,validation/untrained/24h/rep01_odor0_side1,229,consolidating,untrained,24.0,1,A,True,consolidating_untrained_24h_1_0_1,1311462529,3624620767,1157856316,3658093061,0.1618691430898323,4075175901,1.6007994584822385,B,5.7019,test_window_complete,-1,0.0,57019,6000,120.0,96000.0,True,5.7019,absorbing collection region; approximation to collection vials,False
validation,validation/consolidating_untrained_24h_1_1_0,validation/untrained/24h/rep01_odor1_side0,230,consolidating,untrained,24.0,1,B,False,consolidating_untrained_24h_1_1_0,2768201893,1244030173,1062072613,2014053644,0.2057334391259517,341564537,0.4628140649834164,B,5.9016,test_window_complete,1,0.0,59016,6000,120.0,96000.0,True,5.9016,absorbing collection region; approximation to collection vials,False
validation,validation/consolidating_untrained_24h_1_1_1,validation/untrained/24h/rep01_odor1_side1,231,consolidating,untrained,24.0,1,B,True,consolidating_untrained_24h_1_1_1,4179044420,1074180383,4126297100,1167176543,0.1908010225281629,286086191,0.6606745181748781,B,5.7817,test_window_complete,1,0.0,57817,6000,120.0,96000.0,True,5.7817,absorbing collection region; approximation to collection vials,False
validation,validation/consolidating_untrained_24h_2_0_0,validation/untrained/24h/rep02_odor0_side0,232,consolidating,untrained,24.0,2,A,False,consolidating_untrained_24h_2_0_0,1607842327,4114058996,617392373,2625460812,0.1890165298831688,115697737,0.4656255263788336,A,5.7176,test_window_complete,1,0.0,57176,6000,120.0,96000.0,True,5.7176,absorbing collection region; approximation to collection vials,False
validation,validation/consolidating_untrained_24h_2_0_1,validation/untrained/24h/rep02_odor0_side1,233,consolidating,untrained,24.0,2,A,True,consolidating_untrained_24h_2_0_1,3683101540,939505906,990262418,1647498582,0.1962610388933737,2356870477,0.6692929400759209,A,5.915500000000001,test_window_complete,1,0.0,59155,6000,120.0,96000.0,True,5.915500000000001,absorbing collection region; approximation to collection vials,False
validation,validation/consolidating_untrained_24h_2_1_0,validation/untrained/24h/rep02_odor1_side0,234,consolidating,untrained,24.0,2,B,False,consolidating_untrained_24h_2_1_0,91498574,646463299,4243391596,662524660,0.1386312954520655,3314638847,1.0994053933407026,B,5.7618,test_window_complete,1,0.0,57618,6000,120.0,96000.0,True,5.7618,absorbing collection region; approximation to collection vials,False
validation,validation/consolidating_untrained_24h_2_1_1,validation/untrained/24h/rep02_odor1_side1,235,consolidating,untrained,24.0,2,B,True,consolidating_untrained_24h_2_1_1,1083488250,1439324706,1479287895,3103442985,0.1456897078610218,3796543228,1.2616855740293185,B,5.7241,test_window_complete,1,0.0,57241,6000,120.0,96000.0,True,5.7241,absorbing collection region; approximation to collection vials,False
validation,validation/consolidating_untrained_24h_3_0_0,validation/untrained/24h/rep03_odor0_side0,236,consolidating,untrained,24.0,3,A,False,consolidating_untrained_24h_3_0_0,1257241632,2466003100,2232491584,3582632840,0.2149886748573918,1552244432,0.9609747664090844,A,5.871,test_window_complete,1,0.0,58710,6000,120.0,96000.0,True,5.871,absorbing collection region; approximation to collection vials,False
validation,validation/consolidating_untrained_24h_3_0_1,validation/untrained/24h/rep03_odor0_side1,237,consolidating,untrained,24.0,3,A,True,consolidating_untrained_24h_3_0_1,483856531,4209291446,2031076940,3857550134,0.1927212550163648,3478518181,0.8221421914875757,B,5.8756,test_window_complete,-1,0.0,58756,6000,120.0,96000.0,True,5.8756,absorbing collection region; approximation to collection vials,False
validation,validation/consolidating_untrained_24h_3_1_0,validation/untrained/24h/rep03_odor1_side0,238,consolidating,untrained,24.0,3,B,False,consolidating_untrained_24h_3_1_0,3404897472,790176202,1310890770,2712726168,0.1896087493036938,2881272322,0.7020007283342596,B,5.8307,test_window_complete,1,0.0,58307,6000,120.0,96000.0,True,5.8307,absorbing collection region; approximation to collection vials,False
validation,validation/consolidating_untrained_24h_3_1_1,validation/untrained/24h/rep03_odor1_side1,239,consolidating,untrained,24.0,3,B,True,consolidating_untrained_24h_3_1_1,3760828880,111131484,148742449,2341772584,0.1789323481313646,1463120887,0.959448669371377,A,6.0123,test_window_complete,-1,0.0,60123,6000,120.0,96000.0,True,6.012300000000001,absorbing collection region; approximation to collection vials,False
validation,validation/consolidating_untrained_24h_4_0_0,validation/untrained/24h/rep04_odor0_side0,240,consolidating,untrained,24.0,4,A,False,consolidating_untrained_24h_4_0_0,2089098643,1200854583,342676703,1764854410,0.1604705861943881,2721135724,0.924756203236741,none,,test_window_complete,0,0.0,1200000,6000,120.0,96000.0,False,120.0,absorbing collection region; approximation to collection vials,False
validation,validation/consolidating_untrained_24h_4_0_1,validation/untrained/24h/rep04_odor0_side1,241,consolidating,untrained,24.0,4,A,True,consolidating_untrained_24h_4_0_1,699140626,3636157166,3986554710,1659985458,0.1626508906657484,3615100609,0.8418069325638187,B,5.871,test_window_complete,-1,0.0,58710,6000,120.0,96000.0,True,5.871,absorbing collection region; approximation to collection vials,False
validation,validation/consolidating_untrained_24h_4_1_0,validation/untrained/24h/rep04_odor1_side0,242,consolidating,untrained,24.0,4,B,False,consolidating_untrained_24h_4_1_0,176446492,1403193530,1181392220,1724019165,0.137215738154988,3750199754,1.09692277457096,A,5.7661,test_window_complete,-1,0.0,57661,6000,120.0,96000.0,True,5.766100000000001,absorbing collection region; approximation to collection vials,False
validation,validation/consolidating_untrained_24h_4_1_1,validation/untrained/24h/rep04_odor1_side1,243,consolidating,untrained,24.0,4,B,True,consolidating_untrained_24h_4_1_1,1852571695,685170491,1388011663,3710855371,0.2316495470759719,2397499920,1.039410171190772,A,5.8607000000000005,test_window_complete,-1,0.0,58607,6000,120.0,96000.0,True,5.8607000000000005,absorbing collection region; approximation to collection vials,False
validation,validation/consolidating_untrained_24h_5_0_0,validation/untrained/24h/rep05_odor0_side0,244,consolidating,untrained,24.0,5,A,False,consolidating_untrained_24h_5_0_0,103635075,3348342390,3418524446,2832499687,0.1786880864680356,1823332633,0.9637648523622108,A,5.897,test_window_complete,1,0.0,58970,6000,120.0,96000.0,True,5.897,absorbing collection region; approximation to collection vials,False
validation,validation/consolidating_untrained_24h_5_0_1,validation/untrained/24h/rep05_odor0_side1,245,consolidating,untrained,24.0,5,A,True,consolidating_untrained_24h_5_0_1,2571405063,1039207133,2702703865,3606621926,0.1371686939432741,2964280044,0.5951159850923056,A,5.7959000000000005,test_window_complete,1,0.0,57959,6000,120.0,96000.0,True,5.7959000000000005,absorbing collection region; approximation to collection vials,False
validation,validation/consolidating_untrained_24h_5_1_0,validation/untrained/24h/rep05_odor1_side0,246,consolidating,untrained,24.0,5,B,False,consolidating_untrained_24h_5_1_0,2480537903,1694001858,2261536540,4050692952,0.2116641066707244,202701765,0.6513196200351693,B,5.748,test_window_complete,1,0.0,57480,6000,120.0,96000.0,True,5.748,absorbing collection region; approximation to collection vials,False
validation,validation/consolidating_untrained_24h_5_1_1,validation/untrained/24h/rep05_odor1_side1,247,consolidating,untrained,24.0,5,B,True,consolidating_untrained_24h_5_1_1,2773800049,1346994663,24635104,2725297264,0.1461580961013921,3473079055,0.7745468677340372,A,5.872,test_window_complete,-1,0.0,58720,6000,120.0,96000.0,True,5.872,absorbing collection region; approximation to collection vials,False
validation,validation/consolidating_untrained_24h_6_0_0,validation/untrained/24h/rep06_odor0_side0,248,consolidating,untrained,24.0,6,A,False,consolidating_untrained_24h_6_0_0,2705913541,1757048133,2992234863,3046498115,0.1763280036742788,3597349716,1.4090589253720105,B,5.8345,test_window_complete,-1,0.0,58345,6000,120.0,96000.0,True,5.8345,absorbing collection region; approximation to collection vials,False
validation,validation/consolidating_untrained_24h_6_0_1,validation/untrained/24h/rep06_odor0_side1,249,consolidating,untrained,24.0,6,A,True,consolidating_untrained_24h_6_0_1,427972712,2006699195,4162374751,2299687301,0.1496820194488483,3787009947,1.3971697292140246,B,5.836,test_window_complete,-1,0.0,58360,6000,120.0,96000.0,True,5.836,absorbing collection region; approximation to collection vials,False
validation,validation/consolidating_untrained_24h_6_1_0,validation/untrained/24h/rep06_odor1_side0,250,consolidating,untrained,24.0,6,B,False,consolidating_untrained_24h_6_1_0,3724212346,1774921473,3509641429,1072750149,0.1878191984210157,1619492560,1.428073354826079,B,5.7572,test_window_complete,1,0.0,57572,6000,120.0,96000.0,True,5.7572,absorbing collection region; approximation to collection vials,False
validation,validation/consolidating_untrained_24h_6_1_1,validation/untrained/24h/rep06_odor1_side1,251,consolidating,untrained,24.0,6,B,True,consolidating_untrained_24h_6_1_1,1682283594,3565507357,2196760614,1243416759,0.2042646013328866,2851536806,1.1929179961108278,A,5.8829,test_window_complete,-1,0.0,58829,6000,120.0,96000.0,True,5.8829,absorbing collection region; approximation to collection vials,False
validation,validation/consolidating_untrained_24h_7_0_0,validation/untrained/24h/rep07_odor0_side0,252,consolidating,untrained,24.0,7,A,False,consolidating_untrained_24h_7_0_0,2201910334,2873468516,3705846880,3620366265,0.1365356595039691,3233201988,1.5928074472969111,B,5.8012,test_window_complete,-1,0.0,58012,6000,120.0,96000.0,True,5.801200000000001,absorbing collection region; approximation to collection vials,False
validation,validation/consolidating_untrained_24h_7_0_1,validation/untrained/24h/rep07_odor0_side1,253,consolidating,untrained,24.0,7,A,True,consolidating_untrained_24h_7_0_1,1555577277,2660843819,2773754684,705292793,0.1554152864985295,3294241980,1.2897152288618363,A,5.837400000000001,test_window_complete,1,0.0,58374,6000,120.0,96000.0,True,5.837400000000001,absorbing collection region; approximation to collection vials,False
validation,validation/consolidating_untrained_24h_7_1_0,validation/untrained/24h/rep07_odor1_side0,254,consolidating,untrained,24.0,7,B,False,consolidating_untrained_24h_7_1_0,2133664140,879631854,572559799,2962746073,0.1428188907666721,2537967073,1.1508371515681828,B,5.818099999999999,test_window_complete,1,0.0,58181,6000,120.0,96000.0,True,5.8181,absorbing collection region; approximation to collection vials,False
validation,validation/consolidating_untrained_24h_7_1_1,validation/untrained/24h/rep07_odor1_side1,255,consolidating,untrained,24.0,7,B,True,consolidating_untrained_24h_7_1_1,2013711566,499412269,52582001,1981337715,0.141922965990592,4280676300,1.0407812968841283,A,5.8213,test_window_complete,-1,0.0,58213,6000,120.0,96000.0,True,5.8213,absorbing collection region; approximation to collection vials,False
validation,validation/consolidating_paired_0.5h_0_0_0,validation/paired/0.5h/rep00_odor0_side0,64,consolidating,paired,0.5,0,A,False,consolidating_paired_0.5h_0_0_0,3235630137,2529339411,857894901,1028070144,0.2071189062483707,1687835822,0.9429503785831516,B,5.8574,test_window_complete,-1,-0.2213202036008968,58574,6000,120.0,11400.0,True,5.8574,absorbing collection region; approximation to collection vials,False
validation,validation/consolidating_paired_0.5h_0_0_1,validation/paired/0.5h/rep00_odor0_side1,65,consolidating,paired,0.5,0,A,True,consolidating_paired_0.5h_0_0_1,2578970565,2631946355,347580423,1890808434,0.1219027978234765,64903272,1.032581833100464,B,5.781000000000001,test_window_complete,-1,-0.2359751485229116,57810,6000,120.0,11400.0,True,5.781000000000001,absorbing collection region; approximation to collection vials,False
validation,validation/consolidating_paired_0.5h_0_1_0,validation/paired/0.5h/rep00_odor1_side0,66,consolidating,paired,0.5,0,B,False,consolidating_paired_0.5h_0_1_0,707693794,2221588516,2049448073,1895961131,0.1200051504468122,1766934199,0.8828063539135526,A,5.7494000000000005,test_window_complete,-1,-0.2248163975978699,57494,6000,120.0,11400.0,True,5.7494000000000005,absorbing collection region; approximation to collection vials,False
validation,validation/consolidating_paired_0.5h_0_1_1,validation/paired/0.5h/rep00_odor1_side1,67,consolidating,paired,0.5,0,B,True,consolidating_paired_0.5h_0_1_1,3703274525,3745700339,1471759769,1095174015,0.2257251377934449,173636277,0.7848203943912005,A,5.7915,test_window_complete,-1,-0.2068814337429546,57915,6000,120.0,11400.0,True,5.7915,absorbing collection region; approximation to collection vials,False
validation,validation/consolidating_paired_0.5h_1_0_0,validation/paired/0.5h/rep01_odor0_side0,68,consolidating,paired,0.5,1,A,False,consolidating_paired_0.5h_1_0_0,651541258,3037644168,3961906296,4234944081,0.1196229196607028,2053679506,1.0141965214426931,B,5.6951,test_window_complete,-1,-0.2330368978976832,56951,6000,120.0,11400.0,True,5.6951,absorbing collection region; approximation to collection vials,False
validation,validation/consolidating_paired_0.5h_1_0_1,validation/paired/0.5h/rep01_odor0_side1,69,consolidating,paired,0.5,1,A,True,consolidating_paired_0.5h_1_0_1,1354924618,2427014562,151348960,929823934,0.2281624773108241,3870024787,1.1499633453232183,B,5.8624,test_window_complete,-1,-0.2539526952175757,58624,6000,120.0,11400.0,True,5.8624,absorbing collection region; approximation to collection vials,False
validation,validation/consolidating_paired_0.5h_1_1_0,validation/paired/0.5h/rep01_odor1_side0,70,consolidating,paired,0.5,1,B,False,consolidating_paired_0.5h_1_1_0,148433714,3356989180,3494274298,1311770965,0.2010290897778509,2387348684,0.7114143074066774,A,5.8544,test_window_complete,-1,-0.1925541367388391,58544,6000,120.0,11400.0,True,5.8544,absorbing collection region; approximation to collection vials,False
validation,validation/consolidating_paired_0.5h_1_1_1,validation/paired/0.5h/rep01_odor1_side1,71,consolidating,paired,0.5,1,B,True,consolidating_paired_0.5h_1_1_1,1629248101,4208474582,142658540,3436334574,0.1718576595023027,892557625,1.7634689131740733,A,5.7424,test_window_complete,-1,-0.3411066721388153,57424,6000,120.0,11400.0,True,5.7424,absorbing collection region; approximation to collection vials,False
validation,validation/consolidating_paired_0.5h_2_0_0,validation/paired/0.5h/rep02_odor0_side0,72,consolidating,paired,0.5,2,A,False,consolidating_paired_0.5h_2_0_0,312153367,3641789444,882232207,3586135435,0.1617940093206986,4216967749,0.4657741323158519,B,5.7411,test_window_complete,-1,-0.127055242366444,57411,6000,120.0,11400.0,True,5.7411,absorbing collection region; approximation to collection vials,False
validation,validation/consolidating_paired_0.5h_2_0_1,validation/paired/0.5h/rep02_odor0_side1,73,consolidating,paired,0.5,2,A,True,consolidating_paired_0.5h_2_0_1,2473077102,3478874278,1998814920,435550374,0.178890126018209,3918707409,0.9235023361540848,B,5.739999999999999,test_window_complete,-1,-0.2180279887486228,57400,6000,120.0,11400.0,True,5.74,absorbing collection region; approximation to collection vials,False
validation,validation/consolidating_paired_0.5h_2_1_0,validation/paired/0.5h/rep02_odor1_side0,74,consolidating,paired,0.5,2,B,False,consolidating_paired_0.5h_2_1_0,1362597131,1182920479,1570807081,3460620229,0.1706241593620314,1881499557,0.9306911121784236,none,,test_window_complete,0,-0.2331196722896904,1200000,6000,120.0,11400.0,False,120.0,absorbing collection region; approximation to collection vials,False
validation,validation/consolidating_paired_0.5h_2_1_1,validation/paired/0.5h/rep02_odor1_side1,75,consolidating,paired,0.5,2,B,True,consolidating_paired_0.5h_2_1_1,435022450,3139903505,943762660,540548556,0.1816589470926708,4115339527,1.1072272203392777,B,5.8561,test_window_complete,1,-0.2613655377973955,58561,6000,120.0,11400.0,True,5.8561000000000005,absorbing collection region; approximation to collection vials,False
validation,validation/consolidating_paired_0.5h_3_0_0,validation/paired/0.5h/rep03_odor0_side0,76,consolidating,paired,0.5,3,A,False,consolidating_paired_0.5h_3_0_0,4230666660,390013544,3345593045,1191904103,0.1983664221136785,3080217524,1.151519336454455,B,5.8406,test_window_complete,-1,-0.2541822404374694,58406,6000,120.0,11400.0,True,5.8406,absorbing collection region; approximation to collection vials,False
validation,validation/consolidating_paired_0.5h_3_0_1,validation/paired/0.5h/rep03_odor0_side1,77,consolidating,paired,0.5,3,A,True,consolidating_paired_0.5h_3_0_1,2898431868,4131840399,1031173445,925192942,0.1751874861877709,1899764056,0.7227799383756682,A,5.8689,test_window_complete,1,-0.1815078130274495,58689,6000,120.0,11400.0,True,5.8689,absorbing collection region; approximation to collection vials,False
validation,validation/consolidating_paired_0.5h_3_1_0,validation/paired/0.5h/rep03_odor1_side0,78,consolidating,paired,0.5,3,B,False,consolidating_paired_0.5h_3_1_0,1367945226,4166935390,4034540692,1328921771,0.1693773329797218,3383282208,0.7536392974115883,A,5.8965,test_window_complete,-1,-0.2008927311955169,58965,6000,120.0,11400.0,True,5.8965000000000005,absorbing collection region; approximation to collection vials,False
validation,validation/consolidating_paired_0.5h_3_1_1,validation/paired/0.5h/rep03_odor1_side1,79,consolidating,paired,0.5,3,B,True,consolidating_paired_0.5h_3_1_1,651425241,2922503738,147348300,2888301939,0.1585868246133349,28173366,1.20879581948951,A,5.7618,test_window_complete,-1,-0.2760914617628106,57618,6000,120.0,11400.0,True,5.7618,absorbing collection region; approximation to collection vials,False
validation,validation/consolidating_paired_0.5h_4_0_0,validation/paired/0.5h/rep04_odor0_side0,80,consolidating,paired,0.5,4,A,False,consolidating_paired_0.5h_4_0_0,301828583,3825365335,2066997311,1150675058,0.2316160663248685,3918728148,1.035150059066848,B,6.0173,test_window_complete,-1,-0.2363828710801942,60173,6000,120.0,11400.0,True,6.0173000000000005,absorbing collection region; approximation to collection vials,False
validation,validation/consolidating_paired_0.5h_4_0_1,validation/paired/0.5h/rep04_odor0_side1,81,consolidating,paired,0.5,4,A,True,consolidating_paired_0.5h_4_0_1,3487084305,2375096443,1046086769,2875135548,0.204938058452494,2315048214,0.7615552591226127,B,5.7342,test_window_complete,-1,-0.1889414483029408,57342,6000,120.0,11400.0,True,5.7342,absorbing collection region; approximation to collection vials,False
validation,validation/consolidating_paired_0.5h_4_1_0,validation/paired/0.5h/rep04_odor1_side0,82,consolidating,paired,0.5,4,B,False,consolidating_paired_0.5h_4_1_0,4130538064,3180499744,2748039475,214704476,0.1403253107972933,2630205305,1.1171515448015334,A,5.87,test_window_complete,-1,-0.2628507297755973,58700,6000,120.0,11400.0,True,5.87,absorbing collection region; approximation to collection vials,False
validation,validation/consolidating_paired_0.5h_4_1_1,validation/paired/0.5h/rep04_odor1_side1,83,consolidating,paired,0.5,4,B,True,consolidating_paired_0.5h_4_1_1,1331996662,3902606046,3747794418,963873602,0.1899064491046155,2943274185,1.4058498599722062,A,5.7799,test_window_complete,-1,-0.3019116021286242,57799,6000,120.0,11400.0,True,5.7799000000000005,absorbing collection region; approximation to collection vials,False
validation,validation/consolidating_paired_0.5h_5_0_0,validation/paired/0.5h/rep05_odor0_side0,84,consolidating,paired,0.5,5,A,False,consolidating_paired_0.5h_5_0_0,4046384333,2523544826,1930831367,807630389,0.1833842784560566,2302186427,1.448597885728266,B,5.8382000000000005,test_window_complete,-1,-0.2942269970225265,58382,6000,120.0,11400.0,True,5.8382000000000005,absorbing collection region; approximation to collection vials,False
validation,validation/consolidating_paired_0.5h_5_0_1,validation/paired/0.5h/rep05_odor0_side1,85,consolidating,paired,0.5,5,A,True,consolidating_paired_0.5h_5_0_1,483547228,3063017277,4198936293,3527386276,0.2111258096301126,1440656946,1.2666880462549714,A,5.8911,test_window_complete,1,-0.270572957304533,58911,6000,120.0,11400.0,True,5.891100000000001,absorbing collection region; approximation to collection vials,False
validation,validation/consolidating_paired_0.5h_5_1_0,validation/paired/0.5h/rep05_odor1_side0,86,consolidating,paired,0.5,5,B,False,consolidating_paired_0.5h_5_1_0,1853741665,3579928714,1650118864,1566643720,0.1436363428198331,330856334,1.1365667618026316,A,5.7502,test_window_complete,-1,-0.2657266024230633,57502,6000,120.0,11400.0,True,5.7502,absorbing collection region; approximation to collection vials,False
validation,validation/consolidating_paired_0.5h_5_1_1,validation/paired/0.5h/rep05_odor1_side1,87,consolidating,paired,0.5,5,B,True,consolidating_paired_0.5h_5_1_1,2041096278,2065352477,462769108,4016566718,0.1337910676110787,216581450,0.5667294284191325,A,5.7743,test_window_complete,-1,-0.1618380651719768,57743,6000,120.0,11400.0,True,5.7743,absorbing collection region; approximation to collection vials,False
validation,validation/consolidating_paired_0.5h_6_0_0,validation/paired/0.5h/rep06_odor0_side0,88,consolidating,paired,0.5,6,A,False,consolidating_paired_0.5h_6_0_0,744342094,4166368149,3539348663,682213088,0.1883629304850524,137550629,0.6157631267539596,B,5.8968,test_window_complete,-1,-0.1599709459974277,58968,6000,120.0,11400.0,True,5.896800000000001,absorbing collection region; approximation to collection vials,False
validation,validation/consolidating_paired_0.5h_6_0_1,validation/paired/0.5h/rep06_odor0_side1,89,consolidating,paired,0.5,6,A,True,consolidating_paired_0.5h_6_0_1,1121524380,1150651730,1649141827,1157509790,0.1980077756000112,655187610,1.4009601369316522,B,5.6938,test_window_complete,-1,-0.2882808117064029,56938,6000,120.0,11400.0,True,5.6938,absorbing collection region; approximation to collection vials,False
validation,validation/consolidating_paired_0.5h_6_1_0,validation/paired/0.5h/rep06_odor1_side0,90,consolidating,paired,0.5,6,B,False,consolidating_paired_0.5h_6_1_0,185594377,4193232146,207192541,1912604755,0.1839041969568488,1489134707,1.0276954649233725,B,5.8681,test_window_complete,1,-0.249080527304775,58681,6000,120.0,11400.0,True,5.8681,absorbing collection region; approximation to collection vials,False
validation,validation/consolidating_paired_0.5h_6_1_1,validation/paired/0.5h/rep06_odor1_side1,91,consolidating,paired,0.5,6,B,True,consolidating_paired_0.5h_6_1_1,4074905119,1046476320,3574694871,2841122094,0.195249248176209,1842449132,1.137767603948732,B,5.8631,test_window_complete,1,-0.2659032002700478,58631,6000,120.0,11400.0,True,5.8631,absorbing collection region; approximation to collection vials,False
validation,validation/consolidating_paired_0.5h_7_0_0,validation/paired/0.5h/rep07_odor0_side0,92,consolidating,paired,0.5,7,A,False,consolidating_paired_0.5h_7_0_0,2006794570,2466289301,1065879268,818824466,0.153110471912211,4167983389,1.1650689533319525,A,5.8432,test_window_complete,1,-0.2561717629803687,58432,6000,120.0,11400.0,True,5.8432,absorbing collection region; approximation to collection vials,False
validation,validation/consolidating_paired_0.5h_7_0_1,validation/paired/0.5h/rep07_odor0_side1,93,consolidating,paired,0.5,7,A,True,consolidating_paired_0.5h_7_0_1,3707840202,3898899324,3290410489,3877924642,0.172596683819145,274543753,0.7452890814594296,B,5.7439,test_window_complete,-1,-0.1858461849585397,57439,6000,120.0,11400.0,True,5.7439,absorbing collection region; approximation to collection vials,False
validation,validation/consolidating_paired_0.5h_7_1_0,validation/paired/0.5h/rep07_odor1_side0,94,consolidating,paired,0.5,7,B,False,consolidating_paired_0.5h_7_1_0,3113883243,2764815936,3509885744,2850887993,0.1768573336954047,1427078620,1.7353659236127743,A,5.7187,test_window_complete,-1,-0.3383332894467401,57187,6000,120.0,11400.0,True,5.7187,absorbing collection region; approximation to collection vials,False
validation,validation/consolidating_paired_0.5h_7_1_1,validation/paired/0.5h/rep07_odor1_side1,95,consolidating,paired,0.5,7,B,True,consolidating_paired_0.5h_7_1_1,1550070153,557902754,3008216062,3893767510,0.1563048362479216,1351679822,0.5899174639401479,A,5.8702000000000005,test_window_complete,-1,-0.1669963064582799,58702,6000,120.0,11400.0,True,5.8702000000000005,absorbing collection region; approximation to collection vials,False
validation,validation/consolidating_paired_24h_0_0_0,validation/paired/24h/rep00_odor0_side0,96,consolidating,paired,24.0,0,A,False,consolidating_paired_24h_0_0_0,3338231916,2127993338,3850624657,3692645219,0.1805901944417988,3924694023,0.4930631606939343,B,5.7919,test_window_complete,-1,0.1912084589788411,57919,6000,120.0,96000.0,True,5.7919,absorbing collection region; approximation to collection vials,False
validation,validation/consolidating_paired_24h_0_0_1,validation/paired/24h/rep00_odor0_side1,97,consolidating,paired,24.0,0,A,True,consolidating_paired_24h_0_0_1,1973592760,966830800,2524972631,3725002816,0.2002047562398996,2476025120,1.3076590728760848,A,5.7577,test_window_complete,1,0.3962262704816937,57577,6000,120.0,96000.0,True,5.757700000000001,absorbing collection region; approximation to collection vials,False
validation,validation/consolidating_paired_24h_0_1_0,validation/paired/24h/rep00_odor1_side0,98,consolidating,paired,24.0,0,B,False,consolidating_paired_24h_0_1_0,1666564442,4195580117,1281348342,3693207696,0.1761997803812585,1947270068,0.7096552261636754,B,5.797000000000001,test_window_complete,1,0.2713451911034079,57970,6000,120.0,96000.0,True,5.797000000000001,absorbing collection region; approximation to collection vials,False
validation,validation/consolidating_paired_24h_0_1_1,validation/paired/24h/rep00_odor1_side1,99,consolidating,paired,24.0,0,B,True,consolidating_paired_24h_0_1_1,2428491210,1246279611,3855816913,1080241945,0.1846412566487779,1715947982,0.781217129680496,B,5.8855,test_window_complete,1,0.29114368912221,58855,6000,120.0,96000.0,True,5.8855,absorbing collection region; approximation to collection vials,False
validation,validation/consolidating_paired_24h_1_0_0,validation/paired/24h/rep01_odor0_side0,100,consolidating,paired,24.0,1,A,False,consolidating_paired_24h_1_0_0,3456675039,3988956364,3536322027,715138780,0.1567258279725131,2504320243,0.8711460236895764,A,5.8026,test_window_complete,1,0.2997929407483217,58026,6000,120.0,96000.0,True,5.8026,absorbing collection region; approximation to collection vials,False
validation,validation/consolidating_paired_24h_1_0_1,validation/paired/24h/rep01_odor0_side1,101,consolidating,paired,24.0,1,A,True,consolidating_paired_24h_1_0_1,1435889552,1275101628,1665073761,3434266364,0.2372047469635275,1035788442,0.5698439792585681,A,5.8861,test_window_complete,1,0.2155311067611228,58861,6000,120.0,96000.0,True,5.8861,absorbing collection region; approximation to collection vials,False
validation,validation/consolidating_paired_24h_1_1_0,validation/paired/24h/rep01_odor1_side0,102,consolidating,paired,24.0,1,B,False,consolidating_paired_24h_1_1_0,1331235247,1741654498,1105144395,3475904330,0.1899475034765237,4096425622,0.8671260460859633,A,5.8985,test_window_complete,-1,0.313553817655944,58985,6000,120.0,96000.0,True,5.8985,absorbing collection region; approximation to collection vials,False
validation,validation/consolidating_paired_24h_1_1_1,validation/paired/24h/rep01_odor1_side1,103,consolidating,paired,24.0,1,B,True,consolidating_paired_24h_1_1_1,4191333664,207042244,1216246766,3898388317,0.2134470659032752,3400327412,1.0095865506021264,A,5.8985,test_window_complete,-1,0.347744951160828,58985,6000,120.0,96000.0,True,5.8985,absorbing collection region; approximation to collection vials,False
validation,validation/consolidating_paired_24h_2_0_0,validation/paired/24h/rep02_odor0_side0,104,consolidating,paired,24.0,2,A,False,consolidating_paired_24h_2_0_0,1584258139,327746788,1508917419,3116430115,0.1847153145188525,555207013,0.9509729884475752,A,5.796600000000001,test_window_complete,1,0.3194716081577801,57966,6000,120.0,96000.0,True,5.796600000000001,absorbing collection region; approximation to collection vials,False
validation,validation/consolidating_paired_24h_2_0_1,validation/paired/24h/rep02_odor0_side1,105,consolidating,paired,24.0,2,A,True,consolidating_paired_24h_2_0_1,557036114,2661071875,2266824410,82616730,0.1847852422983432,2881849080,1.1068857756791153,A,5.739999999999999,test_window_complete,1,0.3551339367929191,57400,6000,120.0,96000.0,True,5.74,absorbing collection region; approximation to collection vials,False
validation,validation/consolidating_paired_24h_2_1_0,validation/paired/24h/rep02_odor1_side0,106,consolidating,paired,24.0,2,B,False,consolidating_paired_24h_2_1_0,32395505,3877999672,2477371533,2540307966,0.1347962540017442,1290379729,0.9795603331557364,B,5.7102,test_window_complete,1,0.3408280798966359,57102,6000,120.0,96000.0,True,5.7102,absorbing collection region; approximation to collection vials,False
validation,validation/consolidating_paired_24h_2_1_1,validation/paired/24h/rep02_odor1_side1,107,consolidating,paired,24.0,2,B,True,consolidating_paired_24h_2_1_1,220798512,3978528219,1507770364,4037712224,0.1694660700787722,2539879688,1.0716220468006004,none,,test_window_complete,0,0.3615759203182703,1200000,6000,120.0,96000.0,False,120.0,absorbing collection region; approximation to collection vials,False
validation,validation/consolidating_paired_24h_3_0_0,validation/paired/24h/rep03_odor0_side0,108,consolidating,paired,24.0,3,A,False,consolidating_paired_24h_3_0_0,1936804421,3448212116,387887564,979948553,0.1665248817492856,3006085127,1.1278916036072808,A,5.729299999999999,test_window_complete,1,0.359676401514005,57293,6000,120.0,96000.0,True,5.7293,absorbing collection region; approximation to collection vials,False
validation,validation/consolidating_paired_24h_3_0_1,validation/paired/24h/rep03_odor0_side1,109,consolidating,paired,24.0,3,A,True,consolidating_paired_24h_3_0_1,1487496223,2167369632,3579063225,1837198156,0.1840322616327991,172432745,1.1653312697021865,A,5.7187,test_window_complete,1,0.3676265854779553,57187,6000,120.0,96000.0,True,5.7187,absorbing collection region; approximation to collection vials,False
validation,validation/consolidating_paired_24h_3_1_0,validation/paired/24h/rep03_odor1_side0,110,consolidating,paired,24.0,3,B,False,consolidating_paired_24h_3_1_0,1798583426,2688453231,6868659,2863028677,0.1200557966607445,3695667082,0.659939698108633,B,5.7498000000000005,test_window_complete,1,0.2569443184674636,57498,6000,120.0,96000.0,True,5.7498000000000005,absorbing collection region; approximation to collection vials,False
validation,validation/consolidating_paired_24h_3_1_1,validation/paired/24h/rep03_odor1_side1,111,consolidating,paired,24.0,3,B,True,consolidating_paired_24h_3_1_1,3861697457,1896991591,2177510722,1409796471,0.1984830073424055,2891265482,1.052465144354281,B,5.765499999999999,test_window_complete,1,0.3573694691806138,57655,6000,120.0,96000.0,True,5.7655,absorbing collection region; approximation to collection vials,False
validation,validation/consolidating_paired_24h_4_0_0,validation/paired/24h/rep04_odor0_side0,112,consolidating,paired,24.0,4,A,False,consolidating_paired_24h_4_0_0,3875945534,3069821478,2867575398,2799543648,0.1539050194051793,2996774044,0.8852400499427981,B,5.7711,test_window_complete,-1,0.3033413457832306,57711,6000,120.0,96000.0,True,5.771100000000001,absorbing collection region; approximation to collection vials,False
validation,validation/consolidating_paired_24h_4_0_1,validation/paired/24h/rep04_odor0_side1,113,consolidating,paired,24.0,4,A,True,consolidating_paired_24h_4_0_1,1101070538,1108133585,3846735804,1717563883,0.1557406983541415,2734557583,1.055283808468332,A,5.7454,test_window_complete,1,0.343717851511541,57454,6000,120.0,96000.0,True,5.7454,absorbing collection region; approximation to collection vials,False
validation,validation/consolidating_paired_24h_4_1_0,validation/paired/24h/rep04_odor1_side0,114,consolidating,paired,24.0,4,B,False,consolidating_paired_24h_4_1_0,1076634880,2508443428,1650336159,1256045236,0.1275922191347839,3285177528,0.326968284226933,B,5.8121,test_window_complete,1,0.144602789249493,58121,6000,120.0,96000.0,True,5.8121,absorbing collection region; approximation to collection vials,False
validation,validation/consolidating_paired_24h_4_1_1,validation/paired/24h/rep04_odor1_side1,115,consolidating,paired,24.0,4,B,True,consolidating_paired_24h_4_1_1,1019394758,4156643628,822950806,1637105335,0.2114891561270377,3166369462,1.3311423012576893,A,5.901800000000001,test_window_complete,-1,0.413393395426413,59018,6000,120.0,96000.0,True,5.901800000000001,absorbing collection region; approximation to collection vials,False
validation,validation/consolidating_paired_24h_5_0_0,validation/paired/24h/rep05_odor0_side0,116,consolidating,paired,24.0,5,A,False,consolidating_paired_24h_5_0_0,1410746067,2090966027,1995542017,1893787512,0.1549331424726469,1230958501,1.2675034245106644,A,5.7432,test_window_complete,1,0.3884084437150453,57432,6000,120.0,96000.0,True,5.7432,absorbing collection region; approximation to collection vials,False
validation,validation/consolidating_paired_24h_5_0_1,validation/paired/24h/rep05_odor0_side1,117,consolidating,paired,24.0,5,A,True,consolidating_paired_24h_5_0_1,199764331,3006192435,2259719380,3823222741,0.2222332255071089,231525877,1.095819391875857,A,5.7556,test_window_complete,1,0.3527167382278415,57556,6000,120.0,96000.0,True,5.7556,absorbing collection region; approximation to collection vials,False
validation,validation/consolidating_paired_24h_5_1_0,validation/paired/24h/rep05_odor1_side0,118,consolidating,paired,24.0,5,B,False,consolidating_paired_24h_5_1_0,908383249,630686125,2113523298,1680325012,0.1348853694828206,2921403750,0.7368937335128982,B,5.774,test_window_complete,1,0.2790073231996554,57740,6000,120.0,96000.0,True,5.774,absorbing collection region; approximation to collection vials,False
validation,validation/consolidating_paired_24h_5_1_1,validation/paired/24h/rep05_odor1_side1,119,consolidating,paired,24.0,5,B,True,consolidating_paired_24h_5_1_1,3976804694,3056308781,2826841119,1263569584,0.1944161427061749,3343274557,1.2890834386200167,B,5.7869,test_window_complete,1,0.4056040103384876,57869,6000,120.0,96000.0,True,5.7869,absorbing collection region; approximation to collection vials,False
validation,validation/consolidating_paired_24h_6_0_0,validation/paired/24h/rep06_odor0_side0,120,consolidating,paired,24.0,6,A,False,consolidating_paired_24h_6_0_0,1652020874,3445267054,2492329170,2081722594,0.2331709903024289,2357807296,0.8823893810150996,B,5.8697,test_window_complete,-1,0.3026262485643109,58697,6000,120.0,96000.0,True,5.8697,absorbing collection region; approximation to collection vials,False
validation,validation/consolidating_paired_24h_6_0_1,validation/paired/24h/rep06_odor0_side1,121,consolidating,paired,24.0,6,A,True,consolidating_paired_24h_6_0_1,3998737118,1439690935,736648451,3558908458,0.2501883469729912,360416375,1.5237419001525891,A,5.8394,test_window_complete,1,0.4351968317790644,58394,6000,120.0,96000.0,True,5.8394,absorbing collection region; approximation to collection vials,False
validation,validation/consolidating_paired_24h_6_1_0,validation/paired/24h/rep06_odor1_side0,122,consolidating,paired,24.0,6,B,False,consolidating_paired_24h_6_1_0,2150659472,1503169275,3642263253,2945652606,0.2158404136661968,2785546181,0.9694921359526528,A,5.733899999999999,test_window_complete,-1,0.3384752357995931,57339,6000,120.0,96000.0,True,5.7339,absorbing collection region; approximation to collection vials,False
validation,validation/consolidating_paired_24h_6_1_1,validation/paired/24h/rep06_odor1_side1,123,consolidating,paired,24.0,6,B,True,consolidating_paired_24h_6_1_1,1138951973,3320505461,3860840855,2875468829,0.2025258622917375,1242641596,1.357254189186029,B,5.7428,test_window_complete,1,0.418120762841805,57428,6000,120.0,96000.0,True,5.7428,absorbing collection region; approximation to collection vials,False
validation,validation/consolidating_paired_24h_7_0_0,validation/paired/24h/rep07_odor0_side0,124,consolidating,paired,24.0,7,A,False,consolidating_paired_24h_7_0_0,3921654200,2371710179,4172154546,3501213660,0.1983313564304548,2606188216,0.7659255221466288,A,5.6949,test_window_complete,1,0.2722492523215254,56949,6000,120.0,96000.0,True,5.6949000000000005,absorbing collection region; approximation to collection vials,False
validation,validation/consolidating_paired_24h_7_0_1,validation/paired/24h/rep07_odor0_side1,125,consolidating,paired,24.0,7,A,True,consolidating_paired_24h_7_0_1,157728416,4034854586,2216230437,520013843,0.1703928560707974,3470791125,2.059605798908549,A,5.7903,test_window_complete,1,0.5131947295367449,57903,6000,120.0,96000.0,True,5.7903,absorbing collection region; approximation to collection vials,False
validation,validation/consolidating_paired_24h_7_1_0,validation/paired/24h/rep07_odor1_side0,126,consolidating,paired,24.0,7,B,False,consolidating_paired_24h_7_1_0,3833454494,1254428503,1496134549,949052385,0.1889530097324321,1894080481,1.1088087088299134,B,5.775799999999999,test_window_complete,1,0.3695814224060972,57758,6000,120.0,96000.0,True,5.7758,absorbing collection region; approximation to collection vials,False
validation,validation/consolidating_paired_24h_7_1_1,validation/paired/24h/rep07_odor1_side1,127,consolidating,paired,24.0,7,B,True,consolidating_paired_24h_7_1_1,1609735713,2289108133,4017871446,1043433415,0.2092820487845612,197379932,1.1431182947433298,A,5.8672,test_window_complete,-1,0.376785448974487,58672,6000,120.0,96000.0,True,5.8672,absorbing collection region; approximation to collection vials,False
validation,validation/consolidating_unpaired_0.5h_0_0_0,validation/unpaired/0.5h/rep00_odor0_side0,128,consolidating,unpaired,0.5,0,A,False,consolidating_unpaired_0.5h_0_0_0,1378505296,3716542073,338997603,3711191955,0.1611447584378524,833603820,0.7723561211422341,A,5.8358,test_window_complete,1,0.0007118166409521,58358,6000,120.0,11400.0,True,5.8358,absorbing collection region; approximation to collection vials,False
validation,validation/consolidating_unpaired_0.5h_0_0_1,validation/unpaired/0.5h/rep00_odor0_side1,129,consolidating,unpaired,0.5,0,A,True,consolidating_unpaired_0.5h_0_0_1,1699953838,2771973706,579860204,1454073243,0.1454308089785328,2821218807,0.772068479661832,A,5.7833000000000006,test_window_complete,1,0.0007115519116838,57833,6000,120.0,11400.0,True,5.7833000000000006,absorbing collection region; approximation to collection vials,False
validation,validation/consolidating_unpaired_0.5h_0_1_0,validation/unpaired/0.5h/rep00_odor1_side0,130,consolidating,unpaired,0.5,0,B,False,consolidating_unpaired_0.5h_0_1_0,858982253,4236110490,3082282830,755115571,0.1458828693880998,3255161203,1.099924225590063,B,5.8083,test_window_complete,1,0.0008670547057293,58083,6000,120.0,11400.0,True,5.8083,absorbing collection region; approximation to collection vials,False
validation,validation/consolidating_unpaired_0.5h_0_1_1,validation/unpaired/0.5h/rep00_odor1_side1,131,consolidating,unpaired,0.5,0,B,True,consolidating_unpaired_0.5h_0_1_1,4136859016,1747656446,2070033820,1036154380,0.155043777483849,96522684,1.1488409665371948,A,5.8913,test_window_complete,-1,0.0009055476355936,58913,6000,120.0,11400.0,True,5.8913,absorbing collection region; approximation to collection vials,False
validation,validation/consolidating_unpaired_0.5h_1_0_0,validation/unpaired/0.5h/rep01_odor0_side0,132,consolidating,unpaired,0.5,1,A,False,consolidating_unpaired_0.5h_1_0_0,1237759345,1618004286,694790661,2903447987,0.1868777181432437,2233507186,0.8592270453538753,A,5.7809,test_window_complete,1,0.0007917553556394,57809,6000,120.0,11400.0,True,5.7809,absorbing collection region; approximation to collection vials,False
validation,validation/consolidating_unpaired_0.5h_1_0_1,validation/unpaired/0.5h/rep01_odor0_side1,133,consolidating,unpaired,0.5,1,A,True,consolidating_unpaired_0.5h_1_0_1,184405429,3494332814,1328260653,1687718103,0.2348289787971947,2079302979,0.9649774735991938,A,5.9654,test_window_complete,1,0.0008890334780482,59654,6000,120.0,11400.0,True,5.965400000000001,absorbing collection region; approximation to collection vials,False
validation,validation/consolidating_unpaired_0.5h_1_1_0,validation/unpaired/0.5h/rep01_odor1_side0,134,consolidating,unpaired,0.5,1,B,False,consolidating_unpaired_0.5h_1_1_0,441672546,221512054,2172302254,3953720364,0.1968733880564967,1373694948,0.7133526035114607,A,5.8645000000000005,test_window_complete,-1,0.0005626568620016,58645,6000,120.0,11400.0,True,5.8645000000000005,absorbing collection region; approximation to collection vials,False
validation,validation/consolidating_unpaired_0.5h_1_1_1,validation/unpaired/0.5h/rep01_odor1_side1,135,consolidating,unpaired,0.5,1,B,True,consolidating_unpaired_0.5h_1_1_1,2491326024,3568991755,1604679125,1006131136,0.2758404527323021,1892663021,0.8563175218167135,A,5.8624,test_window_complete,-1,0.0006752734156526,58624,6000,120.0,11400.0,True,5.8624,absorbing collection region; approximation to collection vials,False
validation,validation/consolidating_unpaired_0.5h_2_0_0,validation/unpaired/0.5h/rep02_odor0_side0,136,consolidating,unpaired,0.5,2,A,False,consolidating_unpaired_0.5h_2_0_0,4053366476,10085333,3208424347,989275625,0.1645393395589733,2004436028,0.7058671932046453,A,5.7059,test_window_complete,1,0.0006506166697688,57059,6000,120.0,11400.0,True,5.705900000000001,absorbing collection region; approximation to collection vials,False
validation,validation/consolidating_unpaired_0.5h_2_0_1,validation/unpaired/0.5h/rep02_odor0_side1,137,consolidating,unpaired,0.5,2,A,True,consolidating_unpaired_0.5h_2_0_1,2432630638,1648012299,2358506209,1231788712,0.1450926870893994,1705607200,0.6874048559441068,B,5.8032,test_window_complete,-1,0.0006336203623155,58032,6000,120.0,11400.0,True,5.8032,absorbing collection region; approximation to collection vials,False
validation,validation/consolidating_unpaired_0.5h_2_1_0,validation/unpaired/0.5h/rep02_odor1_side0,138,consolidating,unpaired,0.5,2,B,False,consolidating_unpaired_0.5h_2_1_0,3739556008,3190084242,1857319092,3640515845,0.1293500794038058,3674532544,0.6171936957999707,A,5.7031,test_window_complete,-1,0.0004868828161355,57031,6000,120.0,11400.0,True,5.7031,absorbing collection region; approximation to collection vials,False
validation,validation/consolidating_unpaired_0.5h_2_1_1,validation/unpaired/0.5h/rep02_odor1_side1,139,consolidating,unpaired,0.5,2,B,True,consolidating_unpaired_0.5h_2_1_1,1920080395,4005243845,1452011084,3492844188,0.1256433973747565,28419693,0.7334068244973252,B,5.7322,test_window_complete,1,0.0005784569630068,57322,6000,120.0,11400.0,True,5.732200000000001,absorbing collection region; approximation to collection vials,False
validation,validation/consolidating_unpaired_0.5h_3_0_0,validation/unpaired/0.5h/rep03_odor0_side0,140,consolidating,unpaired,0.5,3,A,False,consolidating_unpaired_0.5h_3_0_0,1989756743,1480082431,3369431280,950113236,0.1993871260474219,1719411753,0.5258979320713695,A,5.7499,test_window_complete,1,0.0004848902525501,57499,6000,120.0,11400.0,True,5.7499,absorbing collection region; approximation to collection vials,False
validation,validation/consolidating_unpaired_0.5h_3_0_1,validation/unpaired/0.5h/rep03_odor0_side1,141,consolidating,unpaired,0.5,3,A,True,consolidating_unpaired_0.5h_3_0_1,977331218,3524016048,499393203,870727297,0.1923206274821859,3847648126,1.2528042130040404,B,5.7768,test_window_complete,-1,0.0011536143113692,57768,6000,120.0,11400.0,True,5.776800000000001,absorbing collection region; approximation to collection vials,False
validation,validation/consolidating_unpaired_0.5h_3_1_0,validation/unpaired/0.5h/rep03_odor1_side0,142,consolidating,unpaired,0.5,3,B,False,consolidating_unpaired_0.5h_3_1_0,223422572,4102261425,1806037837,879849345,0.2053663711498846,2512086354,1.1875132940483966,B,5.8468,test_window_complete,1,0.0009359751035904,58468,6000,120.0,11400.0,True,5.8468,absorbing collection region; approximation to collection vials,False
validation,validation/consolidating_unpaired_0.5h_3_1_1,validation/unpaired/0.5h/rep03_odor1_side1,143,consolidating,unpaired,0.5,3,B,True,consolidating_unpaired_0.5h_3_1_1,522971381,1662021100,1055797597,3360770282,0.1952844051139713,546995247,1.0390391203999871,A,5.8118,test_window_complete,-1,0.0008191357703091,58118,6000,120.0,11400.0,True,5.8118,absorbing collection region; approximation to collection vials,False
validation,validation/consolidating_unpaired_0.5h_4_0_0,validation/unpaired/0.5h/rep04_odor0_side0,144,consolidating,unpaired,0.5,4,A,False,consolidating_unpaired_0.5h_4_0_0,3218630911,3015845027,608455302,3494708631,0.1965508949104777,1339365232,0.7824823541646346,B,5.8094,test_window_complete,-1,0.0007211360906581,58094,6000,120.0,11400.0,True,5.8094,absorbing collection region; approximation to collection vials,False
validation,validation/consolidating_unpaired_0.5h_4_0_1,validation/unpaired/0.5h/rep04_odor0_side1,145,consolidating,unpaired,0.5,4,A,True,consolidating_unpaired_0.5h_4_0_1,3997184821,303432257,489585518,2927268178,0.1195504646433636,4292187975,1.1115269944813575,B,5.7168,test_window_complete,-1,0.0010237811918241,57168,6000,120.0,11400.0,True,5.7168,absorbing collection region; approximation to collection vials,False
validation,validation/consolidating_unpaired_0.5h_4_1_0,validation/unpaired/0.5h/rep04_odor1_side0,146,consolidating,unpaired,0.5,4,B,False,consolidating_unpaired_0.5h_4_1_0,3714551435,3481607408,263603144,1610384018,0.2053428032966524,2362440579,1.0565363566050965,B,5.7899,test_window_complete,1,0.00083290768299,57899,6000,120.0,11400.0,True,5.7899,absorbing collection region; approximation to collection vials,False
validation,validation/consolidating_unpaired_0.5h_4_1_1,validation/unpaired/0.5h/rep04_odor1_side1,147,consolidating,unpaired,0.5,4,B,True,consolidating_unpaired_0.5h_4_1_1,2850722407,399430218,218473107,1715506982,0.1887268937628389,3508859841,1.0496398213130906,A,5.723,test_window_complete,-1,0.0008274795715503,57230,6000,120.0,11400.0,True,5.723,absorbing collection region; approximation to collection vials,False
validation,validation/consolidating_unpaired_0.5h_5_0_0,validation/unpaired/0.5h/rep05_odor0_side0,148,consolidating,unpaired,0.5,5,A,False,consolidating_unpaired_0.5h_5_0_0,1204582995,392521828,4294678089,728018302,0.2058587450524746,3867367034,0.7169207176478289,B,5.7860000000000005,test_window_complete,-1,0.0006607919350051,57860,6000,120.0,11400.0,True,5.7860000000000005,absorbing collection region; approximation to collection vials,False
validation,validation/consolidating_unpaired_0.5h_5_0_1,validation/unpaired/0.5h/rep05_odor0_side1,149,consolidating,unpaired,0.5,5,A,True,consolidating_unpaired_0.5h_5_0_1,2643976030,3688317455,386274708,4201879257,0.1181905742434403,1975417314,1.1816518542773582,B,5.7903,test_window_complete,-1,0.0010882338219921,57903,6000,120.0,11400.0,True,5.7903,absorbing collection region; approximation to collection vials,False
validation,validation/consolidating_unpaired_0.5h_5_1_0,validation/unpaired/0.5h/rep05_odor1_side0,150,consolidating,unpaired,0.5,5,B,False,consolidating_unpaired_0.5h_5_1_0,1162790316,100850371,661544238,738142576,0.2429550868683406,223696259,0.6869107652067286,A,5.8676,test_window_complete,-1,0.0005418226790277,58676,6000,120.0,11400.0,True,5.8676,absorbing collection region; approximation to collection vials,False
validation,validation/consolidating_unpaired_0.5h_5_1_1,validation/unpaired/0.5h/rep05_odor1_side1,151,consolidating,unpaired,0.5,5,B,True,consolidating_unpaired_0.5h_5_1_1,2390982973,3160998990,1672724511,3767552773,0.2066470538779792,1956760187,1.084116958321811,B,5.8064,test_window_complete,1,0.0008546146286267,58064,6000,120.0,11400.0,True,5.8064,absorbing collection region; approximation to collection vials,False
validation,validation/consolidating_unpaired_0.5h_6_0_0,validation/unpaired/0.5h/rep06_odor0_side0,152,consolidating,unpaired,0.5,6,A,False,consolidating_unpaired_0.5h_6_0_0,347347874,3981873929,2030365716,2851558470,0.1641916725177175,3131347364,0.828226805783078,A,5.9131,test_window_complete,1,0.0007632317545921,59131,6000,120.0,11400.0,True,5.9131,absorbing collection region; approximation to collection vials,False
validation,validation/consolidating_unpaired_0.5h_6_0_1,validation/unpaired/0.5h/rep06_odor0_side1,153,consolidating,unpaired,0.5,6,A,True,consolidating_unpaired_0.5h_6_0_1,214173093,3257473550,3892691963,1520635021,0.1887838040800752,3684812660,2.0400918847577807,B,5.7504,test_window_complete,-1,0.0018759273838445,57504,6000,120.0,11400.0,True,5.7504,absorbing collection region; approximation to collection vials,False
validation,validation/consolidating_unpaired_0.5h_6_1_0,validation/unpaired/0.5h/rep06_odor1_side0,154,consolidating,unpaired,0.5,6,B,False,consolidating_unpaired_0.5h_6_1_0,3758606440,3161570233,2119230841,4027316305,0.1463849018402992,3418330888,0.8863925427286452,B,5.8057,test_window_complete,1,0.0006989579146784,58057,6000,120.0,11400.0,True,5.8057,absorbing collection region; approximation to collection vials,False
validation,validation/consolidating_unpaired_0.5h_6_1_1,validation/unpaired/0.5h/rep06_odor1_side1,155,consolidating,unpaired,0.5,6,B,True,consolidating_unpaired_0.5h_6_1_1,932405139,189477786,979594141,3147017172,0.1297529310718154,1421610099,0.8144611425156288,B,5.7721,test_window_complete,1,0.0006423073200895,57721,6000,120.0,11400.0,True,5.7721,absorbing collection region; approximation to collection vials,False
validation,validation/consolidating_unpaired_0.5h_7_0_0,validation/unpaired/0.5h/rep07_odor0_side0,156,consolidating,unpaired,0.5,7,A,False,consolidating_unpaired_0.5h_7_0_0,1411776915,3322672583,1917364482,2818805185,0.1483437977306965,415378075,1.0424315836395752,B,5.7952,test_window_complete,-1,0.0009602589205103,57952,6000,120.0,11400.0,True,5.7952,absorbing collection region; approximation to collection vials,False
validation,validation/consolidating_unpaired_0.5h_7_0_1,validation/unpaired/0.5h/rep07_odor0_side1,157,consolidating,unpaired,0.5,7,A,True,consolidating_unpaired_0.5h_7_0_1,856958766,3417332027,128033517,2320945283,0.1646865711157674,165376518,1.1870088121633011,A,5.9561,test_window_complete,1,0.0010931568036718,59561,6000,120.0,11400.0,True,5.9561,absorbing collection region; approximation to collection vials,False
validation,validation/consolidating_unpaired_0.5h_7_1_0,validation/unpaired/0.5h/rep07_odor1_side0,158,consolidating,unpaired,0.5,7,B,False,consolidating_unpaired_0.5h_7_1_0,216925266,3627360688,1417932113,1582990601,0.1531790789165507,4070838429,1.1941058817350894,B,5.7062,test_window_complete,1,0.0009411618076619,57062,6000,120.0,11400.0,True,5.7062,absorbing collection region; approximation to collection vials,False
validation,validation/consolidating_unpaired_0.5h_7_1_1,validation/unpaired/0.5h/rep07_odor1_side1,159,consolidating,unpaired,0.5,7,B,True,consolidating_unpaired_0.5h_7_1_1,385394670,1034599639,1936112402,482509913,0.1262203038318505,1573520036,1.344236824490155,A,5.7414000000000005,test_window_complete,-1,0.0010592488048708,57414,6000,120.0,11400.0,True,5.7414000000000005,absorbing collection region; approximation to collection vials,False
validation,validation/consolidating_unpaired_24h_0_0_0,validation/unpaired/24h/rep00_odor0_side0,160,consolidating,unpaired,24.0,0,A,False,consolidating_unpaired_24h_0_0_0,2312653022,3248000597,2794637622,3153388575,0.1661105984938044,3853690337,1.4421252047898483,B,5.8479,test_window_complete,-1,-0.0021374319961549,58479,6000,120.0,96000.0,True,5.8479,absorbing collection region; approximation to collection vials,False
validation,validation/consolidating_unpaired_24h_0_0_1,validation/unpaired/24h/rep00_odor0_side1,161,consolidating,unpaired,24.0,0,A,True,consolidating_unpaired_24h_0_0_1,2392906614,3007942161,1400200206,2480867164,0.1336377120140361,935351486,1.3530619401023811,A,5.8249,test_window_complete,1,-0.0020057429822471,58249,6000,120.0,96000.0,True,5.8249,absorbing collection region; approximation to collection vials,False
validation,validation/consolidating_unpaired_24h_0_1_0,validation/unpaired/24h/rep00_odor1_side0,162,consolidating,unpaired,24.0,0,B,False,consolidating_unpaired_24h_0_1_0,2016846155,3843371553,2175100762,3877875925,0.1908862458987257,2183178479,0.7557491510801521,A,5.8348,test_window_complete,-1,-0.0009862458063211,58348,6000,120.0,96000.0,True,5.8348,absorbing collection region; approximation to collection vials,False
validation,validation/consolidating_unpaired_24h_0_1_1,validation/unpaired/24h/rep00_odor1_side1,163,consolidating,unpaired,24.0,0,B,True,consolidating_unpaired_24h_0_1_1,27891561,1331847155,1696949406,3121915191,0.1814318573101688,2948361503,0.6743185722410419,B,5.8715,test_window_complete,1,-0.0008800872318954,58715,6000,120.0,96000.0,True,5.8715,absorbing collection region; approximation to collection vials,False
validation,validation/consolidating_unpaired_24h_1_0_0,validation/unpaired/24h/rep01_odor0_side0,164,consolidating,unpaired,24.0,1,A,False,consolidating_unpaired_24h_1_0_0,758084946,2406865217,3202573688,2265854653,0.1982851882550185,3834522944,1.4223264739242556,B,5.9129000000000005,test_window_complete,-1,-0.0021081611581211,59129,6000,120.0,96000.0,True,5.9129000000000005,absorbing collection region; approximation to collection vials,False
validation,validation/consolidating_unpaired_24h_1_0_1,validation/unpaired/24h/rep01_odor0_side1,165,consolidating,unpaired,24.0,1,A,True,consolidating_unpaired_24h_1_0_1,1015478316,887009367,1093098751,3898138424,0.155358102079923,2880936481,0.9250241850545337,A,5.780200000000001,test_window_complete,1,-0.0013722676587409,57802,6000,120.0,96000.0,True,5.780200000000001,absorbing collection region; approximation to collection vials,False
validation,validation/consolidating_unpaired_24h_1_1_0,validation/unpaired/24h/rep01_odor1_side0,166,consolidating,unpaired,24.0,1,B,False,consolidating_unpaired_24h_1_1_0,3666201593,3236945578,1285165168,725089493,0.1591423285367594,1534258270,1.143558900095324,B,5.8584,test_window_complete,1,-0.0014914654361726,58584,6000,120.0,96000.0,True,5.8584000000000005,absorbing collection region; approximation to collection vials,False
validation,validation/consolidating_unpaired_24h_1_1_1,validation/unpaired/24h/rep01_odor1_side1,167,consolidating,unpaired,24.0,1,B,True,consolidating_unpaired_24h_1_1_1,1367883492,3349946969,3426400232,3405861666,0.1242615318645274,3910798430,0.9737148010831056,B,5.843999999999999,test_window_complete,1,-0.0012702732621761,58440,6000,120.0,96000.0,True,5.844,absorbing collection region; approximation to collection vials,False
validation,validation/consolidating_unpaired_24h_2_0_0,validation/unpaired/24h/rep02_odor0_side0,168,consolidating,unpaired,24.0,2,A,False,consolidating_unpaired_24h_2_0_0,3779615166,1323701346,415518247,4229458403,0.2591460498227176,2887552214,1.057489780224722,B,5.7917000000000005,test_window_complete,-1,-0.0015684127344313,57917,6000,120.0,96000.0,True,5.7917000000000005,absorbing collection region; approximation to collection vials,False
validation,validation/consolidating_unpaired_24h_2_0_1,validation/unpaired/24h/rep02_odor0_side1,169,consolidating,unpaired,24.0,2,A,True,consolidating_unpaired_24h_2_0_1,2075985256,1181218636,4001456747,3554770371,0.1787920023654264,3790510634,0.6167633743058852,B,5.8184,test_window_complete,-1,-0.0009154627800737,58184,6000,120.0,96000.0,True,5.8184000000000005,absorbing collection region; approximation to collection vials,False
validation,validation/consolidating_unpaired_24h_2_1_0,validation/unpaired/24h/rep02_odor1_side0,170,consolidating,unpaired,24.0,2,B,False,consolidating_unpaired_24h_2_1_0,2110062021,2035589812,1845140329,1111854695,0.1263404933452488,54814740,1.1725202770096583,A,5.891,test_window_complete,-1,-0.0015291712929903,58910,6000,120.0,96000.0,True,5.891,absorbing collection region; approximation to collection vials,False
validation,validation/consolidating_unpaired_24h_2_1_1,validation/unpaired/24h/rep02_odor1_side1,171,consolidating,unpaired,24.0,2,B,True,consolidating_unpaired_24h_2_1_1,4090498433,2307932928,3136183145,3711526567,0.2087142680741625,4055109185,1.1880598812721808,B,5.8337,test_window_complete,1,-0.0015494015096816,58337,6000,120.0,96000.0,True,5.8337,absorbing collection region; approximation to collection vials,False
validation,validation/consolidating_unpaired_24h_3_0_0,validation/unpaired/24h/rep03_odor0_side0,172,consolidating,unpaired,24.0,3,A,False,consolidating_unpaired_24h_3_0_0,1424429130,684351289,2271527716,1471730832,0.1418700860769972,1873172852,0.9302875423393264,B,5.7929,test_window_complete,-1,-0.0013800629929316,57929,6000,120.0,96000.0,True,5.7929,absorbing collection region; approximation to collection vials,False
validation,validation/consolidating_unpaired_24h_3_0_1,validation/unpaired/24h/rep03_odor0_side1,173,consolidating,unpaired,24.0,3,A,True,consolidating_unpaired_24h_3_0_1,888431942,675461882,2565197114,2568310762,0.2106659721549615,380421138,0.7268085093067868,B,5.8907,test_window_complete,-1,-0.0010785933305898,58907,6000,120.0,96000.0,True,5.890700000000001,absorbing collection region; approximation to collection vials,False
validation,validation/consolidating_unpaired_24h_3_1_0,validation/unpaired/24h/rep03_odor1_side0,174,consolidating,unpaired,24.0,3,B,False,consolidating_unpaired_24h_3_1_0,2140716563,715870282,1664108926,2642156290,0.1663608621510987,2906675123,0.8217955295114936,A,5.769299999999999,test_window_complete,-1,-0.0010723293953052,57693,6000,120.0,96000.0,True,5.7693,absorbing collection region; approximation to collection vials,False
validation,validation/consolidating_unpaired_24h_3_1_1,validation/unpaired/24h/rep03_odor1_side1,175,consolidating,unpaired,24.0,3,B,True,consolidating_unpaired_24h_3_1_1,2661962494,324639487,2549501575,3971112971,0.2009059160000061,362717507,0.820702660957324,B,6.5562000000000005,test_window_complete,1,-0.0010709051102521,65562,6000,120.0,96000.0,True,6.5562000000000005,absorbing collection region; approximation to collection vials,False
validation,validation/consolidating_unpaired_24h_4_0_0,validation/unpaired/24h/rep04_odor0_side0,176,consolidating,unpaired,24.0,4,A,False,consolidating_unpaired_24h_4_0_0,3726258259,3036167664,412049437,436267130,0.1366050850281357,2408331305,1.3940536563569306,B,5.7728,test_window_complete,-1,-0.0020663585125044,57728,6000,120.0,96000.0,True,5.7728,absorbing collection region; approximation to collection vials,False
validation,validation/consolidating_unpaired_24h_4_0_1,validation/unpaired/24h/rep04_odor0_side1,177,consolidating,unpaired,24.0,4,A,True,consolidating_unpaired_24h_4_0_1,2168393638,1629589922,4259883388,3429197393,0.1332081740981487,844511958,0.7921453439175073,A,5.793200000000001,test_window_complete,1,-0.0011754184413186,57932,6000,120.0,96000.0,True,5.793200000000001,absorbing collection region; approximation to collection vials,False
validation,validation/consolidating_unpaired_24h_4_1_0,validation/unpaired/24h/rep04_odor1_side0,178,consolidating,unpaired,24.0,4,B,False,consolidating_unpaired_24h_4_1_0,2075520709,79315629,1940724611,2698170412,0.1457524367017485,2261288614,0.7857858705785981,A,5.9190000000000005,test_window_complete,-1,-0.0010253972106055,59190,6000,120.0,96000.0,True,5.9190000000000005,absorbing collection region; approximation to collection vials,False
validation,validation/consolidating_unpaired_24h_4_1_1,validation/unpaired/24h/rep04_odor1_side1,179,consolidating,unpaired,24.0,4,B,True,consolidating_unpaired_24h_4_1_1,2491012166,3241800212,1568552602,4078614430,0.1775166493186418,4276237458,0.7782308838197739,B,5.7757,test_window_complete,1,-0.0010155499850064,57757,6000,120.0,96000.0,True,5.7757000000000005,absorbing collection region; approximation to collection vials,False
validation,validation/consolidating_unpaired_24h_5_0_0,validation/unpaired/24h/rep05_odor0_side0,180,consolidating,unpaired,24.0,5,A,False,consolidating_unpaired_24h_5_0_0,2883013586,2961407369,1272510723,919866711,0.1896923382468808,3497979451,1.182513938617242,B,5.815799999999999,test_window_complete,-1,-0.0017534549146281,58158,6000,120.0,96000.0,True,5.8158,absorbing collection region; approximation to collection vials,False
validation,validation/consolidating_unpaired_24h_5_0_1,validation/unpaired/24h/rep05_odor0_side1,181,consolidating,unpaired,24.0,5,A,True,consolidating_unpaired_24h_5_0_1,3847918960,3065351438,2488168314,2609038975,0.1628542631505672,3760484716,0.6307310869383476,A,5.8144,test_window_complete,1,-0.0009361719860328,58144,6000,120.0,96000.0,True,5.8144,absorbing collection region; approximation to collection vials,False
validation,validation/consolidating_unpaired_24h_5_1_0,validation/unpaired/24h/rep05_odor1_side0,182,consolidating,unpaired,24.0,5,B,False,consolidating_unpaired_24h_5_1_0,4092880319,4147471577,1125185285,2489095202,0.1800756085854281,59715502,0.8136011600050812,A,5.9245,test_window_complete,-1,-0.0010616499385202,59245,6000,120.0,96000.0,True,5.9245,absorbing collection region; approximation to collection vials,False
validation,validation/consolidating_unpaired_24h_5_1_1,validation/unpaired/24h/rep05_odor1_side1,183,consolidating,unpaired,24.0,5,B,True,consolidating_unpaired_24h_5_1_1,2588771798,3708266621,3593337368,988207562,0.2493804457598725,392505472,1.5042034318393305,A,5.8779,test_window_complete,-1,-0.0019607676700668,58779,6000,120.0,96000.0,True,5.8779,absorbing collection region; approximation to collection vials,False
validation,validation/consolidating_unpaired_24h_6_0_0,validation/unpaired/24h/rep06_odor0_side0,184,consolidating,unpaired,24.0,6,A,False,consolidating_unpaired_24h_6_0_0,2184627435,2151348620,1523850347,1264305924,0.1903902960253037,4191425340,1.0954652870369528,A,5.831,test_window_complete,1,-0.0016246270782504,58310,6000,120.0,96000.0,True,5.831,absorbing collection region; approximation to collection vials,False
validation,validation/consolidating_unpaired_24h_6_0_1,validation/unpaired/24h/rep06_odor0_side1,185,consolidating,unpaired,24.0,6,A,True,consolidating_unpaired_24h_6_0_1,1881912859,1119873721,2336172592,1064983125,0.1612625947040158,3016129459,0.5938964310276368,B,5.796200000000001,test_window_complete,-1,-0.0008815569385477,57962,6000,120.0,96000.0,True,5.796200000000001,absorbing collection region; approximation to collection vials,False
validation,validation/consolidating_unpaired_24h_6_1_0,validation/unpaired/24h/rep06_odor1_side0,186,consolidating,unpaired,24.0,6,B,False,consolidating_unpaired_24h_6_1_0,2795903865,1929089933,3701203995,1898957111,0.1761035932555762,958659607,1.2384259457665203,B,5.8302000000000005,test_window_complete,1,-0.0016149640249816,58302,6000,120.0,96000.0,True,5.8302000000000005,absorbing collection region; approximation to collection vials,False
validation,validation/consolidating_unpaired_24h_6_1_1,validation/unpaired/24h/rep06_odor1_side1,187,consolidating,unpaired,24.0,6,B,True,consolidating_unpaired_24h_6_1_1,2658304580,2386257791,2628875490,1030842442,0.1715504801939498,2838650237,0.7111913380552588,A,5.7291,test_window_complete,-1,-0.0009281603547625,57291,6000,120.0,96000.0,True,5.7291,absorbing collection region; approximation to collection vials,False
validation,validation/consolidating_unpaired_24h_7_0_0,validation/unpaired/24h/rep07_odor0_side0,188,consolidating,unpaired,24.0,7,A,False,consolidating_unpaired_24h_7_0_0,2061814333,2266197776,3271425769,57724420,0.1335017032370828,3053082263,0.8511739340237268,B,5.8786000000000005,test_window_complete,-1,-0.00126287591319,58786,6000,120.0,96000.0,True,5.8786000000000005,absorbing collection region; approximation to collection vials,False
validation,validation/consolidating_unpaired_24h_7_0_1,validation/unpaired/24h/rep07_odor0_side1,189,consolidating,unpaired,24.0,7,A,True,consolidating_unpaired_24h_7_0_1,567748041,3738513641,609597808,967020502,0.1473883458957258,4192868417,1.08894274957516,B,5.8577,test_window_complete,-1,-0.0016149724396459,58577,6000,120.0,96000.0,True,5.8577,absorbing collection region; approximation to collection vials,False
validation,validation/consolidating_unpaired_24h_7_1_0,validation/unpaired/24h/rep07_odor1_side0,190,consolidating,unpaired,24.0,7,B,False,consolidating_unpaired_24h_7_1_0,3460131376,4071707086,3052618405,3749894708,0.1157224944329704,1959512671,0.7097847386183915,B,5.7927,test_window_complete,1,-0.0009263265887272,57927,6000,120.0,96000.0,True,5.7927,absorbing collection region; approximation to collection vials,False
validation,validation/consolidating_unpaired_24h_7_1_1,validation/unpaired/24h/rep07_odor1_side1,191,consolidating,unpaired,24.0,7,B,True,consolidating_unpaired_24h_7_1_1,1250474890,2962787035,1766456681,3277103244,0.1650611108472739,2749151037,1.5909016190437426,A,5.822900000000001,test_window_complete,-1,-0.0020735111564172,58229,6000,120.0,96000.0,True,5.822900000000001,absorbing collection region; approximation to collection vials,False
validation,validation/consolidating_dan_silenced_0.5h_0_0_0,validation/dan_silenced/0.5h/rep00_odor0_side0,0,consolidating,dan_silenced,0.5,0,A,False,consolidating_dan_silenced_0.5h_0_0_0,1514942789,3707274288,2225965595,802864012,0.1781781051188031,2046600796,0.8904003908452436,B,5.9031,test_window_complete,-1,-0.2667690649580478,59031,6000,120.0,11400.0,True,5.9031,absorbing collection region; approximation to collection vials,False
validation,validation/consolidating_dan_silenced_0.5h_0_0_1,validation/dan_silenced/0.5h/rep00_odor0_side1,1,consolidating,dan_silenced,0.5,0,A,True,consolidating_dan_silenced_0.5h_0_0_1,3620549691,999656376,105179327,2159801704,0.1744538169281288,204427949,1.3904960207237511,B,5.919300000000001,test_window_complete,-1,-0.3632293822256981,59193,6000,120.0,11400.0,True,5.919300000000001,absorbing collection region; approximation to collection vials,False
validation,validation/consolidating_dan_silenced_0.5h_0_1_0,validation/dan_silenced/0.5h/rep00_odor1_side0,2,consolidating,dan_silenced,0.5,0,B,False,consolidating_dan_silenced_0.5h_0_1_0,3004596849,3766825979,3573754354,3457019997,0.1787003346650261,1065444778,0.7700017384514223,A,5.8513,test_window_complete,-1,-0.255630107679181,58513,6000,120.0,11400.0,True,5.8513,absorbing collection region; approximation to collection vials,False
validation,validation/consolidating_dan_silenced_0.5h_0_1_1,validation/dan_silenced/0.5h/rep00_odor1_side1,3,consolidating,dan_silenced,0.5,0,B,True,consolidating_dan_silenced_0.5h_0_1_1,106605235,3700361783,1117377291,768807129,0.1687804006786088,678432241,0.7229688923815754,A,5.8367,test_window_complete,-1,-0.2439045249472179,58367,6000,120.0,11400.0,True,5.8367,absorbing collection region; approximation to collection vials,False
validation,validation/consolidating_dan_silenced_0.5h_1_0_0,validation/dan_silenced/0.5h/rep01_odor0_side0,4,consolidating,dan_silenced,0.5,1,A,False,consolidating_dan_silenced_0.5h_1_0_0,2008589734,1494949102,3675940246,3448044767,0.1753236215983424,4148844165,0.7907604168353447,B,5.7504,test_window_complete,-1,-0.2438759023671238,57504,6000,120.0,11400.0,True,5.7504,absorbing collection region; approximation to collection vials,False
validation,validation/consolidating_dan_silenced_0.5h_1_0_1,validation/dan_silenced/0.5h/rep01_odor0_side1,5,consolidating,dan_silenced,0.5,1,A,True,consolidating_dan_silenced_0.5h_1_0_1,591961524,3303135034,3415961866,845953429,0.1998299185832508,3234148742,0.8460606733711467,A,5.8231,test_window_complete,1,-0.2567535983039526,58231,6000,120.0,11400.0,True,5.8231,absorbing collection region; approximation to collection vials,False
validation,validation/consolidating_dan_silenced_0.5h_1_1_0,validation/dan_silenced/0.5h/rep01_odor1_side0,6,consolidating,dan_silenced,0.5,1,B,False,consolidating_dan_silenced_0.5h_1_1_0,132769055,1525818957,1671079603,1159715774,0.2389354020317142,3997465939,1.1721348986353215,B,5.845,test_window_complete,1,-0.3417360602918657,58450,6000,120.0,11400.0,True,5.845000000000001,absorbing collection region; approximation to collection vials,False
validation,validation/consolidating_dan_silenced_0.5h_1_1_1,validation/dan_silenced/0.5h/rep01_odor1_side1,7,consolidating,dan_silenced,0.5,1,B,True,consolidating_dan_silenced_0.5h_1_1_1,1585211815,2900921424,1660757508,3254219041,0.1888128256557181,3360132626,1.3060470012168566,A,5.8157,test_window_complete,-1,-0.3656822427109435,58157,6000,120.0,11400.0,True,5.8157000000000005,absorbing collection region; approximation to collection vials,False
validation,validation/consolidating_dan_silenced_0.5h_2_0_0,validation/dan_silenced/0.5h/rep02_odor0_side0,8,consolidating,dan_silenced,0.5,2,A,False,consolidating_dan_silenced_0.5h_2_0_0,3120068908,3688922621,1900702776,600552017,0.1655877268433928,4147651584,1.358079009599184,B,5.7125,test_window_complete,-1,-0.3577859519994847,57125,6000,120.0,11400.0,True,5.7125,absorbing collection region; approximation to collection vials,False
validation,validation/consolidating_dan_silenced_0.5h_2_0_1,validation/dan_silenced/0.5h/rep02_odor0_side1,9,consolidating,dan_silenced,0.5,2,A,True,consolidating_dan_silenced_0.5h_2_0_1,103077769,3398000550,2364481689,2323684710,0.1776658668874661,95630636,0.8891736838534889,B,5.761,test_window_complete,-1,-0.2664955938060493,57610,6000,120.0,11400.0,True,5.761,absorbing collection region; approximation to collection vials,False
validation,validation/consolidating_dan_silenced_0.5h_2_1_0,validation/dan_silenced/0.5h/rep02_odor1_side0,10,consolidating,dan_silenced,0.5,2,B,False,consolidating_dan_silenced_0.5h_2_1_0,442009312,948868421,869992017,2332940224,0.2237793980939805,3075458248,1.2352052446418602,A,5.8259,test_window_complete,-1,-0.3532697440016968,58259,6000,120.0,11400.0,True,5.8259,absorbing collection region; approximation to collection vials,False
validation,validation/consolidating_dan_silenced_0.5h_2_1_1,validation/dan_silenced/0.5h/rep02_odor1_side1,11,consolidating,dan_silenced,0.5,2,B,True,consolidating_dan_silenced_0.5h_2_1_1,3885226016,2981129388,33108956,1618823699,0.2195912517342554,767230906,0.5865911389505617,A,5.8546,test_window_complete,-1,-0.207567264169692,58546,6000,120.0,11400.0,True,5.8546000000000005,absorbing collection region; approximation to collection vials,False
validation,validation/consolidating_dan_silenced_0.5h_3_0_0,validation/dan_silenced/0.5h/rep03_odor0_side0,12,consolidating,dan_silenced,0.5,3,A,False,consolidating_dan_silenced_0.5h_3_0_0,3960987826,3826379775,2688571479,517243059,0.170370457832557,201875808,0.8803128950674401,B,5.8340000000000005,test_window_complete,-1,-0.2645141869163412,58340,6000,120.0,11400.0,True,5.8340000000000005,absorbing collection region; approximation to collection vials,False
validation,validation/consolidating_dan_silenced_0.5h_3_0_1,validation/dan_silenced/0.5h/rep03_odor0_side1,13,consolidating,dan_silenced,0.5,3,A,True,consolidating_dan_silenced_0.5h_3_0_1,1482396979,2232619921,2856514575,397514572,0.1713208533500845,3138716298,1.013270268176084,none,,test_window_complete,0,-0.2931603614300957,1200000,6000,120.0,11400.0,False,120.0,absorbing collection region; approximation to collection vials,False
validation,validation/consolidating_dan_silenced_0.5h_3_1_0,validation/dan_silenced/0.5h/rep03_odor1_side0,14,consolidating,dan_silenced,0.5,3,B,False,consolidating_dan_silenced_0.5h_3_1_0,2904420266,20763698,2992635550,3574343964,0.1586194964439026,4270159337,0.9698654284579412,A,5.7838,test_window_complete,-1,-0.301359754387298,57838,6000,120.0,11400.0,True,5.7838,absorbing collection region; approximation to collection vials,False
validation,validation/consolidating_dan_silenced_0.5h_3_1_1,validation/dan_silenced/0.5h/rep03_odor1_side1,15,consolidating,dan_silenced,0.5,3,B,True,consolidating_dan_silenced_0.5h_3_1_1,3991416779,1743134836,3537169004,876047335,0.2073918907188106,3177802527,1.0469901427235035,A,5.7718,test_window_complete,-1,-0.3173985754729018,57718,6000,120.0,11400.0,True,5.771800000000001,absorbing collection region; approximation to collection vials,False
validation,validation/consolidating_dan_silenced_0.5h_4_0_0,validation/dan_silenced/0.5h/rep04_odor0_side0,16,consolidating,dan_silenced,0.5,4,A,False,consolidating_dan_silenced_0.5h_4_0_0,3748693857,1794488965,839699439,3371918672,0.2527239851081046,2305984112,1.1010312776880893,A,5.809,test_window_complete,1,-0.3108603240767417,58090,6000,120.0,11400.0,True,5.809,absorbing collection region; approximation to collection vials,False
validation,validation/consolidating_dan_silenced_0.5h_4_0_1,validation/dan_silenced/0.5h/rep04_odor0_side1,17,consolidating,dan_silenced,0.5,4,A,True,consolidating_dan_silenced_0.5h_4_0_1,1479287342,1008516879,4138750341,236006612,0.1795836757825335,1299640593,0.7806507509662511,B,5.8512,test_window_complete,-1,-0.241473992184403,58512,6000,120.0,11400.0,True,5.8512,absorbing collection region; approximation to collection vials,False
validation,validation/consolidating_dan_silenced_0.5h_4_1_0,validation/dan_silenced/0.5h/rep04_odor1_side0,18,consolidating,dan_silenced,0.5,4,B,False,consolidating_dan_silenced_0.5h_4_1_0,375831573,2181653289,2660644608,3079210863,0.1576906869096864,2650969915,1.4146924764619508,A,5.7689,test_window_complete,-1,-0.3836782038727238,57689,6000,120.0,11400.0,True,5.7689,absorbing collection region; approximation to collection vials,False
validation,validation/consolidating_dan_silenced_0.5h_4_1_1,validation/dan_silenced/0.5h/rep04_odor1_side1,19,consolidating,dan_silenced,0.5,4,B,True,consolidating_dan_silenced_0.5h_4_1_1,2965271546,4145411710,3046568876,1144505214,0.1842466889161532,3709404363,0.989105767974761,A,5.7619,test_window_complete,-1,-0.3054393186522954,57619,6000,120.0,11400.0,True,5.761900000000001,absorbing collection region; approximation to collection vials,False
validation,validation/consolidating_dan_silenced_0.5h_5_0_0,validation/dan_silenced/0.5h/rep05_odor0_side0,20,consolidating,dan_silenced,0.5,5,A,False,consolidating_dan_silenced_0.5h_5_0_0,2854036713,132501174,142307394,2675507800,0.2224904106868815,2346211502,1.012253531235213,B,5.8241000000000005,test_window_complete,-1,-0.2929498558522596,58241,6000,120.0,11400.0,True,5.8241000000000005,absorbing collection region; approximation to collection vials,False
validation,validation/consolidating_dan_silenced_0.5h_5_0_1,validation/dan_silenced/0.5h/rep05_odor0_side1,21,consolidating,dan_silenced,0.5,5,A,True,consolidating_dan_silenced_0.5h_5_0_1,577783117,4234483313,2836390964,781923752,0.1753251289428708,4049266915,1.0350601103775177,B,5.811999999999999,test_window_complete,-1,-0.2976412601339805,58120,6000,120.0,11400.0,True,5.812,absorbing collection region; approximation to collection vials,False
validation,validation/consolidating_dan_silenced_0.5h_5_1_0,validation/dan_silenced/0.5h/rep05_odor1_side0,22,consolidating,dan_silenced,0.5,5,B,False,consolidating_dan_silenced_0.5h_5_1_0,2776940267,2089117204,2825992179,646113288,0.1866308058219774,3288556352,0.9683144274104448,A,5.7487,test_window_complete,-1,-0.3010285703201161,57487,6000,120.0,11400.0,True,5.7487,absorbing collection region; approximation to collection vials,False
validation,validation/consolidating_dan_silenced_0.5h_5_1_1,validation/dan_silenced/0.5h/rep05_odor1_side1,23,consolidating,dan_silenced,0.5,5,B,True,consolidating_dan_silenced_0.5h_5_1_1,331665972,2110908240,2522843593,4143221051,0.2045909041667686,3444848563,1.2163817222152444,A,5.7954,test_window_complete,-1,-0.3498763363789113,57954,6000,120.0,11400.0,True,5.7954,absorbing collection region; approximation to collection vials,False
validation,validation/consolidating_dan_silenced_0.5h_6_0_0,validation/dan_silenced/0.5h/rep06_odor0_side0,24,consolidating,dan_silenced,0.5,6,A,False,consolidating_dan_silenced_0.5h_6_0_0,1928928738,1488230745,1891899648,1847357560,0.1530340736436594,1035317414,1.449744805309117,B,5.805,test_window_complete,-1,-0.3729262364496827,58050,6000,120.0,11400.0,True,5.805000000000001,absorbing collection region; approximation to collection vials,False
validation,validation/consolidating_dan_silenced_0.5h_6_0_1,validation/dan_silenced/0.5h/rep06_odor0_side1,25,consolidating,dan_silenced,0.5,6,A,True,consolidating_dan_silenced_0.5h_6_0_1,690599662,1738590981,686166996,2681186453,0.2043557625439228,572532418,0.6849189867887029,A,5.9181,test_window_complete,1,-0.2179681263726045,59181,6000,120.0,11400.0,True,5.9181,absorbing collection region; approximation to collection vials,False
validation,validation/consolidating_dan_silenced_0.5h_6_1_0,validation/dan_silenced/0.5h/rep06_odor1_side0,26,consolidating,dan_silenced,0.5,6,B,False,consolidating_dan_silenced_0.5h_6_1_0,3503430513,3563675444,2428806496,2645024755,0.17126915649487,2869614016,1.506539426045098,A,5.7324,test_window_complete,-1,-0.3979816594598893,57324,6000,120.0,11400.0,True,5.7324,absorbing collection region; approximation to collection vials,False
validation,validation/consolidating_dan_silenced_0.5h_6_1_1,validation/dan_silenced/0.5h/rep06_odor1_side1,27,consolidating,dan_silenced,0.5,6,B,True,consolidating_dan_silenced_0.5h_6_1_1,3941626580,4023547517,275261358,952729551,0.1192649655066604,2608378978,1.2515821178732074,A,5.904800000000001,test_window_complete,-1,-0.3561890385223384,59048,6000,120.0,11400.0,True,5.904800000000001,absorbing collection region; approximation to collection vials,False
validation,validation/consolidating_dan_silenced_0.5h_7_0_0,validation/dan_silenced/0.5h/rep07_odor0_side0,28,consolidating,dan_silenced,0.5,7,A,False,consolidating_dan_silenced_0.5h_7_0_0,1027166846,2638571241,1167417184,4163170433,0.2247370664569279,2896998408,0.794375696822154,A,5.8295,test_window_complete,1,-0.244731215222089,58295,6000,120.0,11400.0,True,5.8295,absorbing collection region; approximation to collection vials,False
validation,validation/consolidating_dan_silenced_0.5h_7_0_1,validation/dan_silenced/0.5h/rep07_odor0_side1,29,consolidating,dan_silenced,0.5,7,A,True,consolidating_dan_silenced_0.5h_7_0_1,2407849911,3774726241,2299837450,2070471302,0.1780302772382557,1999389516,1.0078280837317477,B,5.761,test_window_complete,-1,-0.2920321224997239,57610,6000,120.0,11400.0,True,5.761,absorbing collection region; approximation to collection vials,False
validation,validation/consolidating_dan_silenced_0.5h_7_1_0,validation/dan_silenced/0.5h/rep07_odor1_side0,30,consolidating,dan_silenced,0.5,7,B,False,consolidating_dan_silenced_0.5h_7_1_0,2643119349,3313060365,1907308757,1782212968,0.1437369869821668,1881724758,0.7210061173595561,B,5.8314,test_window_complete,1,-0.2434065808049556,58314,6000,120.0,11400.0,True,5.8314,absorbing collection region; approximation to collection vials,False
validation,validation/consolidating_dan_silenced_0.5h_7_1_1,validation/dan_silenced/0.5h/rep07_odor1_side1,31,consolidating,dan_silenced,0.5,7,B,True,consolidating_dan_silenced_0.5h_7_1_1,2998143531,3849860552,54794110,706601167,0.1485874415686927,2954087296,1.1678042175492986,B,5.7764,test_window_complete,1,-0.3409267436504243,57764,6000,120.0,11400.0,True,5.776400000000001,absorbing collection region; approximation to collection vials,False
validation,validation/consolidating_dan_silenced_24h_0_0_0,validation/dan_silenced/24h/rep00_odor0_side0,32,consolidating,dan_silenced,24.0,0,A,False,consolidating_dan_silenced_24h_0_0_0,3978986758,3426003382,1403515124,1805645812,0.1520364456788681,79600488,0.5298963969664311,B,5.8718,test_window_complete,-1,-0.0004965353524664,58718,6000,120.0,96000.0,True,5.8718,absorbing collection region; approximation to collection vials,False
validation,validation/consolidating_dan_silenced_24h_0_0_1,validation/dan_silenced/24h/rep00_odor0_side1,33,consolidating,dan_silenced,24.0,0,A,True,consolidating_dan_silenced_24h_0_0_1,1862730655,570434681,3058645081,252164481,0.1439479830609547,736540719,1.1202278569632311,B,5.7384,test_window_complete,-1,-0.0008836785252011,57384,6000,120.0,96000.0,True,5.7384,absorbing collection region; approximation to collection vials,False
validation,validation/consolidating_dan_silenced_24h_0_1_0,validation/dan_silenced/24h/rep00_odor1_side0,34,consolidating,dan_silenced,24.0,0,B,False,consolidating_dan_silenced_24h_0_1_0,3785784667,1503695686,4286802716,1425532175,0.2599443773859294,4096309296,0.8704326080827307,A,5.8745,test_window_complete,-1,-0.0007847807914892,58745,6000,120.0,96000.0,True,5.8745,absorbing collection region; approximation to collection vials,False
validation,validation/consolidating_dan_silenced_24h_0_1_1,validation/dan_silenced/24h/rep00_odor1_side1,35,consolidating,dan_silenced,24.0,0,B,True,consolidating_dan_silenced_24h_0_1_1,2129690090,3754988173,3594380626,3398519182,0.1446682352760026,1279859245,1.9068934331074263,B,5.8567,test_window_complete,1,-0.0012697065789424,58567,6000,120.0,96000.0,True,5.8567,absorbing collection region; approximation to collection vials,False
validation,validation/consolidating_dan_silenced_24h_1_0_0,validation/dan_silenced/24h/rep01_odor0_side0,36,consolidating,dan_silenced,24.0,1,A,False,consolidating_dan_silenced_24h_1_0_0,1559133922,846238938,2994458850,592592611,0.1663228168542894,457381992,1.396602943743223,A,5.731599999999999,test_window_complete,1,-0.001023085838957,57316,6000,120.0,96000.0,True,5.7316,absorbing collection region; approximation to collection vials,False
validation,validation/consolidating_dan_silenced_24h_1_0_1,validation/dan_silenced/24h/rep01_odor0_side1,37,consolidating,dan_silenced,24.0,1,A,True,consolidating_dan_silenced_24h_1_0_1,1612451658,1104669688,1986686919,2293744346,0.2056477707059677,1831561266,0.6434955824022562,A,5.8483,test_window_complete,1,-0.0005824139054526,58483,6000,120.0,96000.0,True,5.8483,absorbing collection region; approximation to collection vials,False
validation,validation/consolidating_dan_silenced_24h_1_1_0,validation/dan_silenced/24h/rep01_odor1_side0,38,consolidating,dan_silenced,24.0,1,B,False,consolidating_dan_silenced_24h_1_1_0,932868379,124855937,2967772083,3320688067,0.2698603573828778,1576828645,1.187901225847195,B,5.7517000000000005,test_window_complete,1,-0.0009680884424489,57517,6000,120.0,96000.0,True,5.7517000000000005,absorbing collection region; approximation to collection vials,False
validation,validation/consolidating_dan_silenced_24h_1_1_1,validation/dan_silenced/24h/rep01_odor1_side1,39,consolidating,dan_silenced,24.0,1,B,True,consolidating_dan_silenced_24h_1_1_1,1701640648,1265396502,2325769307,2745518678,0.1726732563993123,3762185218,2.0640641632979406,A,5.7462,test_window_complete,-1,-0.0013206126450084,57462,6000,120.0,96000.0,True,5.7462,absorbing collection region; approximation to collection vials,False
validation,validation/consolidating_dan_silenced_24h_2_0_0,validation/dan_silenced/24h/rep02_odor0_side0,40,consolidating,dan_silenced,24.0,2,A,False,consolidating_dan_silenced_24h_2_0_0,434438594,2136720531,2030434503,4242831422,0.1520268414498995,2884202046,0.647784808005143,B,5.7851,test_window_complete,-1,-0.0005855371088797,57851,6000,120.0,96000.0,True,5.7851,absorbing collection region; approximation to collection vials,False
validation,validation/consolidating_dan_silenced_24h_2_0_1,validation/dan_silenced/24h/rep02_odor0_side1,41,consolidating,dan_silenced,24.0,2,A,True,consolidating_dan_silenced_24h_2_0_1,3248101659,2402709296,366634821,3844372427,0.1831036896389052,737404338,0.9329634247272024,A,5.7527,test_window_complete,1,-0.0007756006535826,57527,6000,120.0,96000.0,True,5.7527,absorbing collection region; approximation to collection vials,False
validation,validation/consolidating_dan_silenced_24h_2_1_0,validation/dan_silenced/24h/rep02_odor1_side0,42,consolidating,dan_silenced,24.0,2,B,False,consolidating_dan_silenced_24h_2_1_0,126951463,39686645,616572155,298415770,0.1803552343030543,1420700594,0.8849181186421206,A,5.7854,test_window_complete,-1,-0.0007940305648758,57854,6000,120.0,96000.0,True,5.7854,absorbing collection region; approximation to collection vials,False
validation,validation/consolidating_dan_silenced_24h_2_1_1,validation/dan_silenced/24h/rep02_odor1_side1,43,consolidating,dan_silenced,24.0,2,B,True,consolidating_dan_silenced_24h_2_1_1,2786451104,1972063733,4026158717,3230679704,0.1863201917807464,4069101657,0.7610093898561566,A,5.8756,test_window_complete,-1,-0.0007118004516767,58756,6000,120.0,96000.0,True,5.8756,absorbing collection region; approximation to collection vials,False
validation,validation/consolidating_dan_silenced_24h_3_0_0,validation/dan_silenced/24h/rep03_odor0_side0,44,consolidating,dan_silenced,24.0,3,A,False,consolidating_dan_silenced_24h_3_0_0,3643800938,3821317130,2575526219,2312495925,0.2189455198221584,244977469,0.9530231114257486,B,5.8191,test_window_complete,-1,-0.0007877639012909,58191,6000,120.0,96000.0,True,5.819100000000001,absorbing collection region; approximation to collection vials,False
validation,validation/consolidating_dan_silenced_24h_3_0_1,validation/dan_silenced/24h/rep03_odor0_side1,45,consolidating,dan_silenced,24.0,3,A,True,consolidating_dan_silenced_24h_3_0_1,3944489764,803665327,3398735902,2969882991,0.161406972553369,2379347578,0.7849636453016877,B,5.8091,test_window_complete,-1,-0.0006811340089459,58091,6000,120.0,96000.0,True,5.8091,absorbing collection region; approximation to collection vials,False
validation,validation/consolidating_dan_silenced_24h_3_1_0,validation/dan_silenced/24h/rep03_odor1_side0,46,consolidating,dan_silenced,24.0,3,B,False,consolidating_dan_silenced_24h_3_1_0,3634227402,217331301,2145702422,1147094997,0.1159571119753083,904073731,1.1792499643818668,A,5.876,test_window_complete,-1,-0.000963587179225,58760,6000,120.0,96000.0,True,5.876,absorbing collection region; approximation to collection vials,False
validation,validation/consolidating_dan_silenced_24h_3_1_1,validation/dan_silenced/24h/rep03_odor1_side1,47,consolidating,dan_silenced,24.0,3,B,True,consolidating_dan_silenced_24h_3_1_1,3789705512,1722770694,1520602714,3451175892,0.1741910768226627,217496214,0.7518294567971255,A,5.8019,test_window_complete,-1,-0.0007054178853622,58019,6000,120.0,96000.0,True,5.8019,absorbing collection region; approximation to collection vials,False
validation,validation/consolidating_dan_silenced_24h_4_0_0,validation/dan_silenced/24h/rep04_odor0_side0,48,consolidating,dan_silenced,24.0,4,A,False,consolidating_dan_silenced_24h_4_0_0,2050045464,3107033143,2376648967,1517711154,0.130184009587764,669636433,0.7261234885724929,B,5.8045,test_window_complete,-1,-0.0006411271178178,58045,6000,120.0,96000.0,True,5.8045,absorbing collection region; approximation to collection vials,False
validation,validation/consolidating_dan_silenced_24h_4_0_1,validation/dan_silenced/24h/rep04_odor0_side1,49,consolidating,dan_silenced,24.0,4,A,True,consolidating_dan_silenced_24h_4_0_1,3505194200,1343498058,163782212,3124700927,0.2047582151872238,510390590,1.1545719852751717,B,5.9091000000000005,test_window_complete,-1,-0.0009022350180787,59091,6000,120.0,96000.0,True,5.9091000000000005,absorbing collection region; approximation to collection vials,False
validation,validation/consolidating_dan_silenced_24h_4_1_0,validation/dan_silenced/24h/rep04_odor1_side0,50,consolidating,dan_silenced,24.0,4,B,False,consolidating_dan_silenced_24h_4_1_0,1376107019,3413886860,3282020582,2391704751,0.1637038105549589,978828708,0.8227594139691842,A,5.8719,test_window_complete,-1,-0.0007536725787777,58719,6000,120.0,96000.0,True,5.8719,absorbing collection region; approximation to collection vials,False
validation,validation/consolidating_dan_silenced_24h_4_1_1,validation/dan_silenced/24h/rep04_odor1_side1,51,consolidating,dan_silenced,24.0,4,B,True,consolidating_dan_silenced_24h_4_1_1,921477858,467748625,2228786875,1550115407,0.100487333477829,772800824,0.973373346067844,B,5.7765,test_window_complete,1,-0.000848557829227,57765,6000,120.0,96000.0,True,5.7765,absorbing collection region; approximation to collection vials,False
validation,validation/consolidating_dan_silenced_24h_5_0_0,validation/dan_silenced/24h/rep05_odor0_side0,52,consolidating,dan_silenced,24.0,5,A,False,consolidating_dan_silenced_24h_5_0_0,2179684845,1652793436,2899834995,2300934072,0.2638487870759051,3127381950,1.3510975800307825,B,5.7982000000000005,test_window_complete,-1,-0.001001617589669,57982,6000,120.0,96000.0,True,5.7982000000000005,absorbing collection region; approximation to collection vials,False
validation,validation/consolidating_dan_silenced_24h_5_0_1,validation/dan_silenced/24h/rep05_odor0_side1,53,consolidating,dan_silenced,24.0,5,A,True,consolidating_dan_silenced_24h_5_0_1,1623757772,73981946,1047857684,377718922,0.1689204907471233,4100262704,0.9773781269836715,B,5.8403,test_window_complete,-1,-0.0008023358704837,58403,6000,120.0,96000.0,True,5.8403,absorbing collection region; approximation to collection vials,False
validation,validation/consolidating_dan_silenced_24h_5_1_0,validation/dan_silenced/24h/rep05_odor1_side0,54,consolidating,dan_silenced,24.0,5,B,False,consolidating_dan_silenced_24h_5_1_0,3321095867,3855840929,2010184077,4159859807,0.1776611231578054,4045040870,0.9424986209245696,A,5.9608,test_window_complete,-1,-0.0008298990859611,59608,6000,120.0,96000.0,True,5.9608,absorbing collection region; approximation to collection vials,False
validation,validation/consolidating_dan_silenced_24h_5_1_1,validation/dan_silenced/24h/rep05_odor1_side1,55,consolidating,dan_silenced,24.0,5,B,True,consolidating_dan_silenced_24h_5_1_1,329129806,1194266121,853555119,649190942,0.1696529164283589,1066171436,1.321493502859658,B,5.7198,test_window_complete,1,-0.0010345230144911,57198,6000,120.0,96000.0,True,5.7198,absorbing collection region; approximation to collection vials,False
validation,validation/consolidating_dan_silenced_24h_6_0_0,validation/dan_silenced/24h/rep06_odor0_side0,56,consolidating,dan_silenced,24.0,6,A,False,consolidating_dan_silenced_24h_6_0_0,391634337,3066917561,3284326895,2026473012,0.2178234709560383,2962919943,0.8004686734374099,B,5.932,test_window_complete,-1,-0.0006914363961285,59320,6000,120.0,96000.0,True,5.932,absorbing collection region; approximation to collection vials,False
validation,validation/consolidating_dan_silenced_24h_6_0_1,validation/dan_silenced/24h/rep06_odor0_side1,57,consolidating,dan_silenced,24.0,6,A,True,consolidating_dan_silenced_24h_6_0_1,1078204061,2281696016,1010979574,2471049917,0.2205877635779501,604624521,1.0262852587214553,A,5.8467,test_window_complete,1,-0.0008309642496316,58467,6000,120.0,96000.0,True,5.8467,absorbing collection region; approximation to collection vials,False
validation,validation/consolidating_dan_silenced_24h_6_1_0,validation/dan_silenced/24h/rep06_odor1_side0,58,consolidating,dan_silenced,24.0,6,B,False,consolidating_dan_silenced_24h_6_1_0,105542915,1015997590,2586372003,4238855629,0.1370433814384496,3241363314,0.7075158719604374,none,,test_window_complete,0,-0.0006740127295319,1200000,6000,120.0,96000.0,False,120.0,absorbing collection region; approximation to collection vials,False
validation,validation/consolidating_dan_silenced_24h_6_1_1,validation/dan_silenced/24h/rep06_odor1_side1,59,consolidating,dan_silenced,24.0,6,B,True,consolidating_dan_silenced_24h_6_1_1,300033725,3663991696,1612402065,1400819180,0.1321314995921671,1082788952,1.4471002239241118,A,5.769699999999999,test_window_complete,-1,-0.0010921057336375,57697,6000,120.0,96000.0,True,5.7697,absorbing collection region; approximation to collection vials,False
validation,validation/consolidating_dan_silenced_24h_7_0_0,validation/dan_silenced/24h/rep07_odor0_side0,60,consolidating,dan_silenced,24.0,7,A,False,consolidating_dan_silenced_24h_7_0_0,3981169191,1795889118,1378147518,4203314738,0.1257790820219465,4082569095,1.2031038093222686,A,5.7601,test_window_complete,1,-0.0009278323927122,57601,6000,120.0,96000.0,True,5.7601,absorbing collection region; approximation to collection vials,False
validation,validation/consolidating_dan_silenced_24h_7_0_1,validation/dan_silenced/24h/rep07_odor0_side1,61,consolidating,dan_silenced,24.0,7,A,True,consolidating_dan_silenced_24h_7_0_1,2716462183,1116454186,3868797433,3008637852,0.2198543140329559,993098889,1.435238331168006,B,5.7644,test_window_complete,-1,-0.0010408875486168,57644,6000,120.0,96000.0,True,5.7644,absorbing collection region; approximation to collection vials,False
validation,validation/consolidating_dan_silenced_24h_7_1_0,validation/dan_silenced/24h/rep07_odor1_side0,62,consolidating,dan_silenced,24.0,7,B,False,consolidating_dan_silenced_24h_7_1_0,3074931537,1365480919,2198792355,1521649007,0.1885156298889779,847689071,1.1689605913851184,A,5.7204,test_window_complete,-1,-0.0009582006720028,57204,6000,120.0,96000.0,True,5.720400000000001,absorbing collection region; approximation to collection vials,False
validation,validation/consolidating_dan_silenced_24h_7_1_1,validation/dan_silenced/24h/rep07_odor1_side1,63,consolidating,dan_silenced,24.0,7,B,True,consolidating_dan_silenced_24h_7_1_1,3453670211,2188300710,2336585502,512710421,0.2229278825528159,1912528780,1.1267047459723054,A,5.8567,test_window_complete,-1,-0.000935697686173,58567,6000,120.0,96000.0,True,5.8567,absorbing collection region; approximation to collection vials,False
